rgb_r_mean,rgb_r_std,rgb_g_mean,rgb_g_std,rgb_b_mean,rgb_b_std,hsv_h_mean,hsv_h_std,hsv_s_mean,hsv_s_std,hsv_v_mean,hsv_v_std,hist_r_0,hist_r_1,hist_r_2,hist_r_3,hist_r_4,hist_r_5,hist_r_6,hist_r_7,hist_g_0,hist_g_1,hist_g_2,hist_g_3,hist_g_4,hist_g_5,hist_g_6,hist_g_7,hist_b_0,hist_b_1,hist_b_2,hist_b_3,hist_b_4,hist_b_5,hist_b_6,hist_b_7,texture_contrast,texture_homogeneity,texture_energy,texture_correlation,edge_density,shape_area_ratio,shape_perimeter,shape_extent,shape_solidity,label
0.5791058540344238,0.3294208347797394,0.7115246653556824,0.21462921798229218,0.5226883292198181,0.34637245535850525,42.107322692871094,13.074159622192383,89.61068725585938,76.47811126708984,181.76524353027344,54.282630920410156,0.01454896479845047,0.05018944665789604,0.6965578198432922,0.004690323490649462,0.004033080767840147,0.004540950059890747,0.008932526223361492,0.7154983878135681,0.023406298831105232,0.021389026194810867,0.00370822218246758,0.015574533492326736,0.6953955292701721,0.0056661637499928474,0.0056661637499928474,0.717704176902771,0.06285656988620758,0.7704212665557861,0.009059515781700611,0.004546229727566242,0.004052074626088142,0.005699259229004383,0.19169935584068298,0.6046485900878906,2.16599673354582,0.9527584112559417,0.6438615190203543,0.9847915123538941,0.022261639030612245,0.5092474489795918,609.2274831533432,0.780115228900654,0.9851923228191615,Apple___Black_rot
0.5614615678787231,0.3424476087093353,0.7059980034828186,0.2161349058151245,0.5052415728569031,0.3589673936367035,42.555782318115234,14.386378288269043,96.68819427490234,82.07865142822266,180.53504943847656,54.2386360168457,0.0070200650952756405,0.7170746922492981,0.03348482772707939,0.0037009548395872116,0.004082799423485994,0.004112171940505505,0.008253716863691807,0.6960732340812683,0.029743684455752373,0.005576941184699535,0.003540914971381426,0.017557036131620407,0.7067371010780334,0.005606448743492365,0.005252357106655836,0.7065600752830505,0.05379531532526016,0.7840748429298401,0.005086102522909641,0.003977593034505844,0.0046296571381390095,0.005151308607310057,0.1912504881620407,0.5879338979721069,1.6252146230785158,0.9382108474584023,0.6188111179622897,0.9894276485999074,0.020228794642857144,0.5155253507653061,601.5706300735474,0.77694057004245,0.9933706797960805,Apple___Black_rot
0.5247102975845337,0.3590936064720154,0.7123454213142395,0.1902201920747757,0.5127410888671875,0.334624320268631,47.46247100830078,15.182289123535156,93.84707641601562,75.25707244873047,181.7823486328125,48.65278625488281,0.010972742922604084,0.7624900937080383,0.007421039044857025,0.003984838258475065,0.004042589571326971,0.0034362010192126036,0.009759965352714062,0.6467565298080444,0.0,0.0,0.0,0.011040243320167065,0.7613203525543213,0.006019357591867447,0.004792663734406233,0.6482362747192383,0.010995453223586082,0.8243466019630432,0.009589784778654575,0.004466902930289507,0.0044356659054756165,0.004029583651572466,0.16967983543872833,0.5398080348968506,1.4619234465086506,0.9603830632977188,0.6642505189225533,0.9896997763203808,0.013771524234693877,0.5404575892857143,616.884335398674,0.7767412935323383,0.9940034424682127,Tomato___healthy
0.5753624439239502,0.2999899983406067,0.6811216473579407,0.21834519505500793,0.504025936126709,0.3276863694190979,41.0356330871582,10.736885070800781,87.37565612792969,66.68032836914062,174.04269409179688,55.21792221069336,0.015168430283665657,0.036551497876644135,0.7764174342155457,0.004889241419732571,0.004211816471070051,0.004889241419732571,0.006833156570792198,0.6288860440254211,0.029400132596492767,0.008252150379121304,0.004377484787255526,0.02407616563141346,0.7709401249885559,0.0048211487010121346,0.006566226948052645,0.6356521844863892,0.04816558212041855,0.8342471718788147,0.027159588411450386,0.004059440456330776,0.00505819171667099,0.005477022845298052,0.1712697148323059,0.5211225748062134,1.855964102219745,0.9542998211711605,0.6502313117986417,0.9864710088519071,0.0214046556122449,0.5627989477040817,647.3696188926697,0.7813939850883806,0.984467351533915,Apple___Black_rot
0.5491848587989807,0.33798617124557495,0.7173627018928528,0.19039495289325714,0.511444091796875,0.3372374475002289,44.86001205444336,13.608444213867188,93.00850677490234,74.7869644165039,183.2021484375,48.319461822509766,0.0024722993839532137,0.7484003305435181,0.041204988956451416,0.004944598767906427,0.003502424107864499,0.004091066773980856,0.010330679826438427,0.6618404388427734,0.008127138018608093,0.0025073084980249405,0.0010663265129551291,0.012767098844051361,0.7533164620399475,0.005158714950084686,0.005677468609064817,0.6574335694313049,0.02362208254635334,0.8205981850624084,0.010227791965007782,0.004148113541305065,0.004338103346526623,0.00484474329277873,0.1789388507604599,0.5421046018600464,1.4885305364001473,0.962442503372698,0.6663791973512594,0.9885542600279362,0.01670121173469388,0.5392020089285714,614.8843358755112,0.7732034632034632,0.9937131412039613,Apple___Black_rot
0.5377526879310608,0.33265823125839233,0.6706448793411255,0.22813789546489716,0.48724910616874695,0.34281420707702637,43.32126998901367,13.662129402160645,94.03215026855469,72.71884155273438,171.573486328125,57.393672943115234,0.007806575391441584,0.35652291774749756,0.5884460806846619,0.005939785856753588,0.005159127991646528,0.00546460272744298,0.00817993376404047,0.7255363464355469,0.032439496368169785,0.0175519660115242,0.0046294559724628925,0.23070676624774933,0.6555509567260742,0.005428786389529705,0.006794309243559837,0.7180319428443909,0.06117507070302963,0.8362306952476501,0.007393728941679001,0.005561369936913252,0.0052077569998800755,0.004339797422289848,0.17822101712226868,0.5148606896400452,2.2925352733242783,0.9528747573025502,0.647493258418807,0.9850880715736202,0.024214764030612245,0.5610052614795918,640.5411936044693,0.7827557895928883,0.983932384341637,Apple___Black_rot
0.5704445242881775,0.3244698941707611,0.6576858758926392,0.24974533915519714,0.5564925074577332,0.3034515082836151,46.572105407714844,16.874095916748047,61.283363342285156,47.99700164794922,168.28810119628906,62.96875762939453,0.0,0.061738643795251846,0.7252803444862366,0.0041634924709796906,0.004996190778911114,0.0043121883645653725,0.006096542347222567,0.6856082081794739,2.984012826345861e-05,0.051593583077192307,0.018291998654603958,0.7204003930091858,0.0050728218629956245,0.005401063244789839,0.005132501944899559,0.6913360953330994,0.052992403507232666,0.024301832541823387,0.7898423075675964,0.004388740751892328,0.00586257129907608,0.0049782730638980865,0.176630437374115,0.5843575596809387,2.0155230860190834,0.8988825897057426,0.5354418581664018,0.9872512029178142,0.027004942602040817,0.5284000318877551,619.2274843454361,0.7758431952662722,0.9884470410855635,Potato___Late_blight
0.5379781126976013,0.3340784013271332,0.6943259239196777,0.1986129730939865,0.5331870317459106,0.3041501045227051,48.73236083984375,15.898018836975098,81.39622497558594,61.560386657714844,177.19908142089844,50.81243133544922,0.00044552894541993737,0.7671117782592773,0.06219584122300148,0.004752309061586857,0.003890952793881297,0.004782010801136494,0.008762069046497345,0.6383835673332214,0.0,0.0,0.0,0.014214785769581795,0.7848328351974487,0.004814226180315018,0.005982174538075924,0.6194968819618225,0.0,0.013514594174921513,0.8480870723724365,0.005492232274264097,0.00419631227850914,0.005430521909147501,0.16982722282409668,0.5016444325447083,1.5508582185086044,0.8933171863974071,0.5220791723748545,0.9881042146872928,0.013970822704081632,0.5585339604591837,626.8843365907669,0.7757700262731287,0.9934854586129754,Apple___healthy
0.5583763718605042,0.33150020241737366,0.6560096144676208,0.25093913078308105,0.509721577167511,0.34076616168022156,42.60353469848633,15.178681373596191,81.6728515625,65.18387603759766,167.88604736328125,63.092193603515625,0.0020353030413389206,0.0963883027434349,0.7170645594596863,0.004374382551759481,0.0034022973850369453,0.004222494084388018,0.0065008183009922504,0.6902410984039307,0.029840189963579178,0.02407526783645153,0.017503855749964714,0.7297255396842957,0.005555830895900726,0.003853237722069025,0.005824661813676357,0.6823815107345581,0.07027338445186615,0.8013654351234436,0.009234433993697166,0.004420739598572254,0.0037003227043896914,0.004813693929463625,0.18485240638256073,0.564413845539093,1.9866093198349377,0.9389526368290347,0.615632153411485,0.9884342670866764,0.02393574617346939,0.5363520408163265,615.712764620781,0.7734964588412865,0.9920519693246966,Apple___Black_rot
0.639808177947998,0.2867089509963989,0.7580597400665283,0.16788476705551147,0.5563725829124451,0.33193841576576233,39.8037109375,10.036290168762207,84.65465545654297,75.33233642578125,193.5238037109375,42.740966796875,0.0,0.005487154703587294,0.6715232133865356,0.02218087948858738,0.004296819679439068,0.005225861445069313,0.007461369037628174,0.7405626773834229,0.0,0.0,0.006808323320001364,0.00856067705899477,0.6747709512710571,0.00580287491902709,0.007583955302834511,0.7378844022750854,0.015459719114005566,0.7477264404296875,0.014554128982126713,0.0045279511250555515,0.005433541256934404,0.005271828733384609,0.19576920568943024,0.634074866771698,1.062849618144629,0.9412475193657395,0.6280821350067095,0.9893625907452475,0.013911033163265306,0.4811463647959184,581.4284918308258,0.7803089685805735,0.9930792252057528,Potato___Early_blight
0.5290217399597168,0.3651488721370697,0.7459500432014465,0.16399037837982178,0.5414360165596008,0.317135214805603,48.72588348388672,16.841218948364258,98.51363372802734,81.7977066040039,190.34994506835938,41.958961486816406,0.011290088295936584,0.7450299859046936,0.006426665466278791,0.0035607200115919113,0.004516035318374634,0.00431339256465435,0.010624262504279613,0.6667810082435608,0.0,0.0,0.0,0.005730340722948313,0.7443170547485352,0.006100959610193968,0.00658561522141099,0.6677414774894714,0.0007140095112845302,0.7894997596740723,0.06390384584665298,0.004705971572548151,0.00522525142878294,0.00525770615786314,0.1741858571767807,0.5849685072898865,1.263757803904304,0.9554338542484282,0.6537800277704731,0.9899761895173378,0.01371173469387755,0.5261678890306123,610.3990559577942,0.7774687685901249,0.9935759764325762,Tomato___healthy
0.5540307760238647,0.35624203085899353,0.7266240119934082,0.18939560651779175,0.5562006235122681,0.3160712718963623,47.73216247558594,16.72458839416504,86.66410064697266,73.69419860839844,185.4439239501953,48.45418930053711,0.01025556493550539,0.7149345278739929,0.008111746050417423,0.0042876373045146465,0.003621315350756049,0.004055873025208712,0.009386449120938778,0.6989718079566956,0.0,0.0,0.0,0.010414971970021725,0.7148848176002502,0.005951412487775087,0.0052933236584067345,0.6991192698478699,0.0005598810967057943,0.699081540107727,0.18556559085845947,0.005178899969905615,0.005038930103182793,0.005178899969905615,0.19189924001693726,0.6632841229438782,1.4745312001763868,0.898523441084591,0.5399382649031901,0.9889430261882683,0.013412786989795918,0.5058195153061225,595.3279875516891,0.7788938492063492,0.9935736460166492,Apple___healthy
0.5780839323997498,0.33724066615104675,0.7324392199516296,0.19604608416557312,0.5651629567146301,0.3126274645328522,46.2006950378418,17.301767349243164,78.24641418457031,66.5501937866211,187.09210205078125,49.48494338989258,0.006256953347474337,0.607872486114502,0.17421507835388184,0.005561736412346363,0.0038552945479750633,0.00401329854503274,0.009259027428925037,0.7745665907859802,0.017510969191789627,0.009822513908147812,0.0022217589430510998,0.012921283021569252,0.6891838312149048,0.006080603692680597,0.0049404907040297985,0.7241472601890564,0.030296333134174347,0.02775261551141739,0.7556473016738892,0.005739671643823385,0.004206918179988861,0.004826541990041733,0.1792995035648346,0.6285592317581177,1.773606765634025,0.8971464407414224,0.5426361647059884,0.9865851141957428,0.01829559948979592,0.49924266581632654,600.2569205760956,0.7735657656532867,0.9907455526683989,Apple___Black_rot
0.5320101976394653,0.3352786600589752,0.7387893199920654,0.15806220471858978,0.4788453280925751,0.34728914499282837,44.9966926574707,12.557394027709961,107.74176788330078,83.48097229003906,188.52963256835938,40.4644660949707,0.0018619169713929296,0.7872708439826965,0.03252536058425903,0.003491094335913658,0.003636556677520275,0.005993045400828123,0.009338676929473877,0.6156253814697266,0.0,0.0,0.0,0.0053213112987577915,0.793979287147522,0.004868433810770512,0.008208406157791615,0.6078466176986694,0.011836091056466103,0.8541095852851868,0.0064420392736792564,0.0030823154374957085,0.004900881554931402,0.00647286232560873,0.16767795383930206,0.4920608401298523,1.258484625060687,0.9582023030819052,0.6651526239304165,0.9885485918963353,0.014050542091836735,0.5651506696428571,629.1269783973694,0.7767852204214835,0.9937551966316981,Apple___healthy
0.5783384442329407,0.3238050639629364,0.6953374147415161,0.21406596899032593,0.5659868717193604,0.29838690161705017,47.03131103515625,15.655893325805664,65.8230209350586,51.89641571044922,177.44412231445312,54.72675704956055,0.0,0.010699329897761345,0.7352625131607056,0.00463062385097146,0.003997867926955223,0.0042854840867221355,0.0066439383663237095,0.6776242256164551,0.0,0.0,0.00043139600893482566,0.7308423519134521,0.019096463918685913,0.004572797566652298,0.005866985768079758,0.6822383999824524,0.0,0.01139400526881218,0.8050714731216431,0.005098974797874689,0.004375046119093895,0.005256350617855787,0.1845388114452362,0.5635626316070557,1.4632943365541247,0.9411398297733666,0.626199622659868,0.9896767032103598,0.013432716836734694,0.5191525829081632,601.227482676506,0.7756842105263158,0.9936623516720604,Apple___healthy
0.531920850276947,0.3506072759628296,0.7555925250053406,0.14991576969623566,0.546000599861145,0.3025822639465332,49.2861328125,16.838289260864258,96.99683380126953,77.65174102783203,192.8363037109375,38.404388427734375,0.006680943537503481,0.7659947276115417,0.012754528783261776,0.0035284636542201042,0.0038755256682634354,0.00526377372443676,0.01052754744887352,0.642556369304657,0.0,0.0,0.0,5.9796733694383875e-05,0.7320316433906555,0.08419380336999893,0.007893169298768044,0.6760020852088928,0.0,0.012781485915184021,0.8323241472244263,0.004613804630935192,0.004551456309854984,0.006577789317816496,0.17900316417217255,0.5243526697158813,1.1367162027115536,0.9649573711028374,0.6719354795816606,0.9897170311373271,0.013771524234693877,0.5429288903061225,615.4701242446899,0.7765687967760506,0.9937746343979077,Tomato___healthy
0.5092153549194336,0.37693291902542114,0.7569766640663147,0.15114811062812805,0.5630221366882324,0.2920108139514923,51.701751708984375,19.060300827026367,107.12210845947266,88.383056640625,193.16294860839844,38.68759536743164,0.010517790913581848,0.7581189274787903,0.005258895456790924,0.0030917683616280556,0.004796575289219618,0.005172210279852152,0.011009006761014462,0.6518718600273132,0.0,0.0,0.0,0.0003478977596387267,0.7449361085891724,0.03426792845129967,0.008929375559091568,0.6661952137947083,0.0,0.011321335099637508,0.8187440037727356,0.004447667393833399,0.004976410884410143,0.006500436924397945,0.16481250524520874,0.5498000979423523,1.192005648292316,0.9525300944541265,0.6497409009784061,0.9893267555745684,0.01371173469387755,0.534538424744898,609.4701271057129,0.7771535580524345,0.9939933758724575,Tomato___healthy
0.5791058540344238,0.3294208347797394,0.7115246653556824,0.21462921798229218,0.5226883292198181,0.34637245535850525,42.107322692871094,13.074159622192383,89.61068725585938,76.47811126708984,181.76524353027344,54.282630920410156,0.01454896479845047,0.05018944665789604,0.6965578198432922,0.004690323490649462,0.004033080767840147,0.004540950059890747,0.008932526223361492,0.7154983878135681,0.023406298831105232,0.021389026194810867,0.00370822218246758,0.015574533492326736,0.6953955292701721,0.0056661637499928474,0.0056661637499928474,0.717704176902771,0.06285656988620758,0.7704212665557861,0.009059515781700611,0.004546229727566242,0.004052074626088142,0.005699259229004383,0.19169935584068298,0.6046485900878906,2.16599673354582,0.9527584112559417,0.6438615190203543,0.9847915123538941,0.022261639030612245,0.5092474489795918,609.2274831533432,0.780115228900654,0.9851923228191615,Apple___Black_rot
0.6005450487136841,0.29230207204818726,0.7378432750701904,0.1760195791721344,0.5625438094139099,0.29281774163246155,44.25129699707031,14.504240989685059,75.22956848144531,59.64338684082031,189.2798309326172,42.846527099609375,0.0,0.00982500147074461,0.7350534200668335,0.060054946690797806,0.0043898941949009895,0.0044794837012887,0.009436779655516148,0.6751776933670044,0.0,0.0,0.04898635670542717,0.011721206828951836,0.7342625856399536,0.00698536541312933,0.00627498934045434,0.6769292950630188,0.038494810461997986,0.0355512797832489,0.8025039434432983,0.0062141153030097485,0.004905880428850651,0.005690821446478367,0.18197545409202576,0.5657134056091309,1.2114656527665677,0.9537040715058269,0.6413570965145052,0.9883010218781533,0.027483258928571428,0.5379264987244898,627.8132688999176,0.7827054894838597,0.986833601093199,Potato___Early_blight
0.6140356063842773,0.2992229759693146,0.706602931022644,0.2147018164396286,0.5375839471817017,0.3356110155582428,39.70055389404297,10.216429710388184,82.12290954589844,69.82046508789062,180.46759033203125,54.35026168823242,0.003729731310158968,0.024709470570087433,0.7036371231079102,0.00515751913189888,0.0039337011985480785,0.004429055843502283,0.006410475820302963,0.7100476026535034,0.013931537047028542,0.003409405704587698,0.001322614261880517,0.03206605091691017,0.6933732032775879,0.004908368457108736,0.006054634228348732,0.719678521156311,0.027033770456910133,0.7763246297836304,0.012305695563554764,0.004101898521184921,0.004715568386018276,0.005361536517739296,0.1907867193222046,0.5999752879142761,1.7181544955803332,0.962017029318604,0.6614921174407982,0.9871834004564717,0.017338966836734693,0.5038265306122449,592.9848428964615,0.7746553223202086,0.9937856033143448,Apple___Black_rot
0.6144426465034485,0.319225013256073,0.7167760133743286,0.21373693645000458,0.5909360647201538,0.3030954897403717,44.33141326904297,14.368886947631836,60.250179290771484,51.373870849609375,182.90509033203125,54.62405776977539,0.0,0.010337905026972294,0.6638658046722412,0.0040202965028584,0.005312534514814615,0.0035895502660423517,0.006030444521456957,0.7477176785469055,0.0,0.0,0.00043141888454556465,0.6566195487976074,0.022174930199980736,0.0058960579335689545,0.004141621291637421,0.7538613677024841,0.0,0.011549522168934345,0.7380846738815308,0.004466665908694267,0.005806665867567062,0.004019999410957098,0.18954616785049438,0.647379457950592,1.4033385502997673,0.9287234131887041,0.6067381535112076,0.990027954145007,0.012834821428571428,0.4701650191326531,574.4995616674423,0.780978188143985,0.9941234084231146,Apple___healthy
0.625098705291748,0.2818377614021301,0.726218581199646,0.19131223857402802,0.5290969610214233,0.3359738886356354,38.83183288574219,9.814935684204102,89.15545654296875,74.7415542602539,186.2914276123047,47.147274017333984,0.0,0.004953778348863125,0.6966813802719116,0.07397641986608505,0.004233228508383036,0.005344076082110405,0.007775930687785149,0.7134641408920288,0.0,0.0,0.049833353608846664,0.020922856405377388,0.6992465853691101,0.00649741105735302,0.006199364550411701,0.7127779126167297,0.04658536612987518,0.7806469798088074,0.013682415708899498,0.004365342203527689,0.005538120400160551,0.005472966004163027,0.18266025185585022,0.5956411361694336,1.3644636294789194,0.9521408237263265,0.6333228009051923,0.988306334164107,0.024713010204081634,0.5162029655612245,640.8843364715576,0.7909284523736033,0.973926759278615,Potato___Early_blight
0.5430210828781128,0.3482278287410736,0.6679520606994629,0.23465776443481445,0.5605933666229248,0.29642754793167114,51.136898040771484,18.963485717773438,75.93094635009766,60.29866027832031,170.47369384765625,59.92256164550781,0.005392680410295725,0.750447690486908,0.011794686317443848,0.0031433270778506994,0.0047294097021222115,0.004354517441242933,0.006373167969286442,0.6607331037521362,0.0,0.004718475975096226,0.01231407094746828,0.747734546661377,0.004200594499707222,0.005783009808510542,0.005063730292022228,0.6638090014457703,0.005225717090070248,0.014425481669604778,0.8122704029083252,0.0037237145006656647,0.005413467064499855,0.005225717090070248,0.16446927189826965,0.5593394637107849,1.7172682860748134,0.9633835724638382,0.6679005420304949,0.9893234068694431,0.022919323979591837,0.5306521045918368,611.8132693767548,0.7765243004418262,0.9924520488640428,Potato___Late_blight
0.5423977375030518,0.3434666693210602,0.7146824598312378,0.1881016194820404,0.5142043232917786,0.33362966775894165,45.93379211425781,13.893936157226562,90.8222885131836,72.60702514648438,182.36831665039062,48.101654052734375,0.005324688274413347,0.759317934513092,0.016523897647857666,0.003790946677327156,0.0038198851980268955,0.003993516322225332,0.008855188265442848,0.6503933072090149,0.0,0.0,0.0,0.010953735560178757,0.7605429887771606,0.005648020189255476,0.0049919369630515575,0.6491514444351196,0.010074414312839508,0.8255387544631958,0.009730257093906403,0.0041611711494624615,0.004411466885358095,0.004786910954862833,0.17480047047138214,0.5363530516624451,1.491476525985126,0.9275562034288498,0.5991941386301605,0.9883873666973488,0.013891103316326531,0.5398198341836735,616.641697883606,0.7764750159226449,0.9936463832546077,Tomato___healthy
0.5895261764526367,0.3259926438331604,0.6792540550231934,0.24117381870746613,0.570763349533081,0.3067161738872528,45.357303619384766,15.546534538269043,58.609554290771484,47.20450210571289,173.5106658935547,61.249507904052734,0.0,0.03683871030807495,0.69259113073349,0.003950139507651329,0.004769427701830864,0.004769427701830864,0.0049157291650772095,0.7203298807144165,0.0,0.022587351500988007,0.0152530362829566,0.6906528472900391,0.00464604003354907,0.005756414029747248,0.00464604003354907,0.722619891166687,0.015522086061537266,0.027641627937555313,0.7652809619903564,0.003953433129936457,0.0053468565456569195,0.005476477090269327,0.18798251450061798,0.6147588491439819,1.731922533524562,0.8982847627359892,0.5439292742489861,0.9887953061058968,0.021464445153061226,0.49826610331632654,599.0853468179703,0.7792737465356513,0.9902945649563756,Potato___Late_blight
0.598555326461792,0.3281901478767395,0.7857091426849365,0.13837003707885742,0.5548720955848694,0.33306238055229187,43.380958557128906,13.149551391601562,89.20868682861328,79.85004425048828,200.4746856689453,35.39991760253906,0.0,0.02602522075176239,0.6736863851547241,0.004657757468521595,0.004104648716747761,0.0040755379013717175,0.009664846584200859,0.7384583353996277,0.0,0.0,0.0,0.0,0.01720842532813549,0.6766548156738281,0.0067573850974440575,0.7360682487487793,0.008285680785775185,0.7521663308143616,0.013135051354765892,0.004720910917967558,0.004913601092994213,0.004720910917967558,0.193910613656044,0.629551112651825,0.9878091712438555,0.966500165979348,0.6704298694074762,0.9898800905392015,0.013034119897959183,0.48240194515306123,581.0853487253189,0.7769687337830825,0.9934682536391158,Tomato___healthy
0.5972188115119934,0.3095204532146454,0.7581807374954224,0.16014032065868378,0.5377187728881836,0.328720360994339,42.77903747558594,12.519232749938965,90.1563720703125,75.74480438232422,193.8667755126953,40.03754806518555,0.0,0.009906190447509289,0.7189732193946838,0.023961877450346947,0.0044124918058514595,0.004909262526780367,0.009613972157239914,0.6944561004638672,0.0,0.0,0.01779532991349697,0.0037232404574751854,0.7080313563346863,0.02931685373187065,0.0068308268673717976,0.7053048610687256,0.01964259333908558,0.7918097376823425,0.0181241687387228,0.005459865555167198,0.004942954983562231,0.004975262098014355,0.1994950771331787,0.5765811800956726,1.240233651210993,0.9505528823712558,0.6401056911805232,0.9876627162585347,0.02014907525510204,0.5142299107142857,596.9848434925079,0.7755376344086021,0.9934650753277245,Potato___Early_blight
0.629593014717102,0.2706497609615326,0.7309677004814148,0.18149597942829132,0.5580642819404602,0.3014272451400757,40.737144470214844,10.988035202026367,75.75243377685547,60.594791412353516,187.25291442871094,45.064144134521484,0.0,0.0002946095773950219,0.594456672668457,0.2685202658176422,0.006710551679134369,0.0059249261394143105,0.008707350119948387,0.7578667998313904,0.0,0.0,0.031224548816680908,0.017183782532811165,0.7274467945098877,0.0066678947769105434,0.0061685373075306416,0.6851776242256165,0.018516279757022858,0.03496802598237991,0.7959741950035095,0.005806498695164919,0.0059355320408940315,0.005064557306468487,0.17396914958953857,0.5783595442771912,1.4240635584151815,0.9567999323007844,0.650415327901988,0.9859491580225983,0.02072704081632653,0.5277822066326531,608.1564133167267,0.775937593759376,0.9931452929091223,Potato___Early_blight
0.5775073766708374,0.3328764736652374,0.7590053081512451,0.1579378843307495,0.5561680197715759,0.31567803025245667,45.688297271728516,14.560203552246094,82.93387603759766,69.83160400390625,193.65084838867188,40.3813591003418,6.615455640712753e-05,0.3372890055179596,0.4996322989463806,0.004994668997824192,0.004432355053722858,0.00449850969016552,0.011014733463525772,0.7977578043937683,0.0,0.0,0.0,0.004332990851253271,0.7169674634933472,0.006356953643262386,0.005644290708005428,0.697041392326355,0.000508065742906183,0.6604491472244263,0.25802481174468994,0.005407270975410938,0.004790334030985832,0.005552432965487242,0.21451261639595032,0.6716629266738892,1.1384164223663698,0.9661500196371351,0.6695774718994607,0.9898133445564009,0.013333067602040817,0.5073740433673469,594.9848430156708,0.7761934093008931,0.9942011834319526,Tomato___healthy
0.5860816836357117,0.3224322497844696,0.6892909407615662,0.22845308482646942,0.5487239956855774,0.3211825489997864,42.92388916015625,13.366393089294434,71.27802276611328,58.30558776855469,176.13417053222656,57.87503433227539,0.0,0.0439055897295475,0.7056424021720886,0.005863900762051344,0.003683354938402772,0.004626293666660786,0.0076908450573682785,0.7071157097816467,0.0,0.033005617558956146,0.005955680273473263,0.7046772241592407,0.008537452667951584,0.004870161879807711,0.006395754870027304,0.7086378931999207,0.034816160798072815,0.7491722106933594,0.07783826440572739,0.0051667047664523125,0.004052317701280117,0.005639475304633379,0.1885678470134735,0.6291560530662537,2.1888105181871502,0.9578435866752453,0.6496124712359468,0.9854465428299397,0.024473852040816327,0.5095065369897959,597.2274836301804,0.7720725485316078,0.9924419650890769,Potato___Late_blight
0.5342006683349609,0.37245211005210876,0.7736566662788391,0.1426592469215393,0.5454627871513367,0.3238721191883087,48.0843620300293,16.77490997314453,101.3125991821289,87.20221710205078,197.43650817871094,36.53651428222656,0.010751219466328621,0.7225341200828552,0.005998658947646618,0.004288895986974239,0.003970126621425152,0.0037093155551701784,0.011707527562975883,0.6910918354988098,0.0,0.0,0.0,0.0,0.027846911922097206,0.7127944231033325,0.00649280333891511,0.7007899284362793,0.005445062182843685,0.7892457246780396,0.021139653399586678,0.005541151389479637,0.0049646152183413506,0.004548228345811367,0.1941324770450592,0.5821091532707214,1.1221486303981874,0.9652167329232887,0.6698372418775618,0.9899619499117042,0.013392857142857142,0.510124362244898,598.7422024011612,0.7787835013523482,0.9936861507088375,Tomato___healthy
0.5538727641105652,0.3426426947116852,0.6709559559822083,0.23775550723075867,0.51462322473526,0.3430781364440918,43.491111755371094,13.182634353637695,83.30498504638672,67.89022064208984,171.40956115722656,60.423179626464844,0.004616639111191034,0.7334904670715332,0.029599085450172424,0.0038861583452671766,0.004616639111191034,0.004616639111191034,0.006311355158686638,0.6789674162864685,0.0,0.031780313700437546,0.01214870810508728,0.7258412837982178,0.005105978809297085,0.006191732827574015,0.0043723611161112785,0.6869595646858215,0.04103681072592735,0.7975707650184631,0.0055186329409480095,0.004716505762189627,0.0060640787705779076,0.0035293581895530224,0.1760507971048355,0.575413703918457,1.8369875439166017,0.9566221955077925,0.6499902018192195,0.9889253613639577,0.02100605867346939,0.5246332908163265,622.3990571498871,0.7830117802620508,0.985755901937046,Potato___Late_blight
0.5591834187507629,0.32045021653175354,0.6917318105697632,0.21036790311336517,0.4936964213848114,0.34361568093299866,42.111148834228516,11.384157180786133,95.19076538085938,75.03791046142578,176.65736389160156,53.394866943359375,0.003275720402598381,0.03407334163784981,0.7674545049667358,0.005118313245475292,0.006375955883413553,0.003509700298309326,0.007633598521351814,0.6400815844535828,0.01830904372036457,0.006355687510222197,0.002274053171277046,0.015422745607793331,0.7650440335273743,0.006793005391955376,0.0052186609245836735,0.6434404850006104,0.039470840245485306,0.8318138122558594,0.006710997316986322,0.005947661120444536,0.005852243863046169,0.0038802921772003174,0.17811177670955658,0.5240938663482666,2.0572014604872733,0.9404291972626735,0.6263113697635416,0.9846930358321263,0.017877072704081634,0.5502232142857143,699.6538908481598,0.7967646887216291,0.9584159458179075,Apple___Black_rot
0.5342783331871033,0.3469097912311554,0.6986107230186462,0.21287770569324493,0.5385997295379639,0.3100568652153015,48.53649139404297,18.41301727294922,88.77748107910156,70.59175109863281,178.65951538085938,53.539772033691406,0.013740544207394123,0.7622786164283752,0.021692518144845963,0.004472985398024321,0.0040636928752064705,0.004356044810265303,0.009676851332187653,0.6466241478919983,0.028386259451508522,0.015319098718464375,0.003733474761247635,0.01600060611963272,0.7467542290687561,0.006874334532767534,0.005629842635244131,0.6640547513961792,0.04884905368089676,0.017642633989453316,0.8160932064056396,0.00511474534869194,0.004888142459094524,0.005438463296741247,0.17943692207336426,0.5468245148658752,1.9209557767384957,0.9514207891165042,0.6428778292165795,0.9863066096419797,0.024852519132653062,0.5448022959183674,638.440686583519,0.7777010899260921,0.9850295038974284,Apple___Black_rot
0.5602351427078247,0.330910325050354,0.6740937232971191,0.23132815957069397,0.5515233874320984,0.30424296855926514,47.39124298095703,16.639911651611328,69.59452819824219,54.20976638793945,172.26451110839844,58.62862014770508,0.0,0.1779601275920868,0.6671760082244873,0.005836838856339455,0.005075511988252401,0.003996965475380421,0.008406316861510277,0.7232286930084229,0.0,0.0305666271597147,0.010052111931145191,0.7391672730445862,0.007033547852188349,0.005070015788078308,0.0059199025854468346,0.6726709604263306,0.03274060785770416,0.018053831532597542,0.803571879863739,0.006605842616409063,0.004713878035545349,0.004938348196446896,0.16896206140518188,0.5694172382354736,2.0890028193882313,0.955781257634098,0.6511339300197853,0.9859812379369997,0.02188297193877551,0.5323660714285714,641.1269780397415,0.7806069578090303,0.9794925140245941,Potato___Late_blight
0.5405225157737732,0.3479095697402954,0.6784414052963257,0.23324589431285858,0.5222631096839905,0.3304608166217804,45.75444412231445,16.098331451416016,83.22151947021484,67.26876068115234,173.56033325195312,58.60165023803711,0.009054215624928474,0.7510340809822083,0.020670395344495773,0.003289795247837901,0.004570777527987957,0.00492013618350029,0.007452987600117922,0.6597931981086731,0.037166938185691833,0.020996905863285065,0.0062059820629656315,0.47324061393737793,0.3903907537460327,0.005792249925434589,0.0076885223388671875,0.7884700298309326,0.06161638721823692,0.7951714992523193,0.0285474956035614,0.004587401170283556,0.0048514241352677345,0.005577487405389547,0.1808888167142868,0.5747122168540955,1.9622071269135906,0.9501678765336897,0.641029677821712,0.9875485624836848,0.024214764030612245,0.5351363201530612,629.2274842262268,0.7825811769554594,0.985230894670521,Apple___Black_rot
0.5929213166236877,0.29483020305633545,0.7309420704841614,0.17483872175216675,0.5133856534957886,0.33065128326416016,41.493980407714844,11.12089729309082,93.81090545654297,74.54090118408203,187.01425170898438,43.80217361450195,0.0,0.010342997498810291,0.7565667629241943,0.03499576449394226,0.005083348136395216,0.004466294310986996,0.01010792888700962,0.6527841687202454,0.0,0.0,0.026496104896068573,0.013029437512159348,0.7552993297576904,0.006354401353746653,0.006733333691954613,0.6546490788459778,0.02674398571252823,0.8257763981819153,0.01707402430474758,0.0055849612690508366,0.0041807424277067184,0.006318984553217888,0.18328246474266052,0.5323584675788879,1.6727351082150983,0.9213189225944696,0.5846028555387912,0.9849810168768722,0.017697704081632654,0.5449816645408163,649.6122592687607,0.7772008701957941,0.9806569677006131,Potato___Early_blight
0.5207391977310181,0.35030806064605713,0.6370964646339417,0.2503836154937744,0.4848463833332062,0.3475862741470337,44.76911163330078,12.95685863494873,87.44499206542969,67.28813171386719,162.66534423828125,63.890872955322266,0.007666409481316805,0.7832658886909485,0.011686249636113644,0.0039049875922501087,0.002096059499308467,0.004421824123710394,0.006202039308845997,0.6214672923088074,0.0,0.01257280446588993,0.014706721529364586,0.7782739400863647,0.004642710089683533,0.003200874663889408,0.005940361879765987,0.6275732517242432,0.022733598947525024,0.840802013874054,0.004497096873819828,0.0036597063299268484,0.003256518393754959,0.004528111312538385,0.1601586788892746,0.516545832157135,2.046981671911764,0.9626481944065228,0.6683164458604106,0.9885025755445149,0.016462053571428572,0.5575573979591837,623.9554052352905,0.7729402577118313,0.9940635256559714,Potato___Late_blight
0.6184005737304688,0.2894802689552307,0.7130610346794128,0.2028203159570694,0.547936201095581,0.31959831714630127,40.26833724975586,11.062902450561523,77.90991973876953,64.61009216308594,182.76596069335938,50.50651550292969,0.0,0.007999013178050518,0.7014747858047485,0.05623098090291023,0.005322763230651617,0.004192790947854519,0.006452735513448715,0.710365891456604,0.0,0.0,0.044710416346788406,0.02385745383799076,0.6971909403800964,0.007555852178484201,0.004253885243088007,0.7150394320487976,0.027715405449271202,0.6289524435997009,0.3044949173927307,0.0064419591799378395,0.006479412317276001,0.004719109740108252,0.22063709795475006,0.6798139214515686,1.3571710905249315,0.930302924041747,0.5968650126909785,0.9885053259268015,0.013651945153061224,0.5132932079081632,615.227484703064,0.7821091065292096,0.9854066800680378,Potato___Early_blight
0.5873022079467773,0.3215295374393463,0.6996752619743347,0.21415585279464722,0.56442791223526,0.30581024289131165,45.30827331542969,14.298118591308594,65.50289154052734,52.57341766357422,178.5513153076172,54.747833251953125,0.0,0.010851467959582806,0.7211476564407349,0.00474931625649333,0.004490262363106012,0.003626750549301505,0.006764177232980728,0.6926229596138,0.0,0.0,0.0007219447870738804,0.7138590216636658,0.02448836714029312,0.005284635815769434,0.0047937133349478245,0.6998243927955627,0.0,0.012921737506985664,0.7891399264335632,0.005326277110725641,0.00482201436534524,0.004160169046372175,0.1770593225955963,0.5879390239715576,1.4441882368508758,0.947074963416381,0.6373832170478284,0.9898550595748394,0.013412786989795918,0.5096061862244898,598.1564161777496,0.7779997541185149,0.9933678675143238,Apple___healthy
0.6131051778793335,0.27186906337738037,0.7371487021446228,0.1676049828529358,0.5684786438941956,0.2783263921737671,44.2064323425293,12.931431770324707,70.9111328125,53.8317985534668,188.58554077148438,41.800262451171875,0.0,0.0009439591667614877,0.7380542755126953,0.10213029384613037,0.004963397979736328,0.0059987083077430725,0.00892193615436554,0.6668614745140076,0.0,0.0,0.023167338222265244,0.00974246021360159,0.7667257785797119,0.006378991529345512,0.0074518220499157906,0.6414076089859009,0.020933644846081734,0.02036011964082718,0.8324071168899536,0.008124930784106255,0.006308769807219505,0.005830832757055759,0.1824445277452469,0.5223215222358704,1.1588934570012328,0.8834761598596438,0.49876024719440726,0.9875104982875312,0.024394132653061226,0.5518574617346939,621.7127672433853,0.7776848254544423,0.9938571376798463,Potato___Early_blight
0.609449565410614,0.3246515095233917,0.742523193359375,0.18696299195289612,0.5942049622535706,0.2997666597366333,45.32971954345703,15.347068786621094,67.84042358398438,59.32413864135742,189.4700469970703,47.79588317871094,0.0,0.011967401951551437,0.663097620010376,0.004315168596804142,0.004459007643163204,0.00391241954639554,0.007335787173360586,0.7483653426170349,0.0,0.0,0.0,0.010222709737718105,0.6619918346405029,0.006367777474224567,0.0047972495667636395,0.7493988871574402,0.0,0.011550359427928925,0.7373086214065552,0.004881781991571188,0.005264666862785816,0.004371268674731255,0.18924084305763245,0.6483516693115234,1.2274410339755764,0.9502935489433341,0.6442440728224671,0.9902637985360657,0.012894610969387755,0.4701650191326531,573.6711353063583,0.7768460284183555,0.9939964234011752,Apple___healthy
0.5483452677726746,0.35097774863243103,0.6984665393829346,0.22464370727539062,0.5140958428382874,0.3471907079219818,43.783084869384766,14.803099632263184,90.6085205078125,75.66790771484375,178.64146423339844,56.44017028808594,0.014635083265602589,0.7300307154655457,0.01746862195432186,0.004264914430677891,0.0033885622397065163,0.003972797188907862,0.009026428684592247,0.6829413771629333,0.03978168964385986,0.016890717670321465,0.005550235975533724,0.020520871505141258,0.7028698325157166,0.005010212771594524,0.005070215556770563,0.7096501588821411,0.07736451178789139,0.7812753915786743,0.008194268681108952,0.005042626988142729,0.004113721661269665,0.004312772769480944,0.1972927749156952,0.5870015621185303,1.9950030055759393,0.9412916345732657,0.620493780077793,0.9874823491507114,0.023297991071428572,0.5210259885204082,607.9137760400772,0.7791191897268945,0.9912938424070417,Apple___Black_rot
0.578011691570282,0.32500654458999634,0.7515465617179871,0.16115958988666534,0.5468993782997131,0.31727340817451477,45.025428771972656,13.954155921936035,84.7168960571289,69.92245483398438,191.8016815185547,41.260250091552734,0.0,0.012701142579317093,0.7330002188682556,0.004041272681206465,0.0062062400393188,0.0035216803662478924,0.008919665589928627,0.6800018548965454,0.0,0.0,0.0,0.005278924945741892,0.7324865460395813,0.006933939643204212,0.006363244727253914,0.6806960105895996,0.0013154010521247983,0.778026819229126,0.07132761925458908,0.005426029209047556,0.006215269677340984,0.004143513273447752,0.1886942833662033,0.5948901176452637,1.0903495606903715,0.9658164203792124,0.6701665661879445,0.9902171533911582,0.01349250637755102,0.5177973533163265,601.813271522522,0.7805492338036717,0.993741549159745,Apple___healthy
0.5484107136726379,0.35659343004226685,0.7508039474487305,0.16356636583805084,0.5216641426086426,0.34468957781791687,45.42159652709961,14.445930480957031,95.71454620361328,81.19960021972656,191.6180419921875,41.878116607666016,0.010911142453551292,0.7245463132858276,0.008705698885023594,0.004701077472418547,0.004323830362409353,0.0036273745354264975,0.01027272455394268,0.6889690160751343,0.0,0.0,0.0,0.005536779761314392,0.7258604168891907,0.006706924177706242,0.0061646620742976665,0.6877593994140625,0.012248522602021694,0.791387140750885,0.006692491937428713,0.0054928939789533615,0.004451138433068991,0.0042932964861392975,0.17343655228614807,0.5859718322753906,1.234649321644744,0.9567015831713774,0.6553092032494001,0.9902386789102828,0.013472576530612245,0.5134526466836735,603.3279892206192,0.7813419117647059,0.9940558554695874,Apple___healthy
0.5961746573448181,0.30422163009643555,0.7399603128433228,0.17529740929603577,0.555812656879425,0.30548954010009766,43.92103958129883,13.804944038391113,78.8653335571289,63.853668212890625,189.44822692871094,43.490333557128906,0.0,0.010336079634726048,0.7251203060150146,0.041610103100538254,0.004370685201138258,0.004252558574080467,0.008889028802514076,0.6872016787528992,0.0,0.0,0.03310538828372955,0.013588471338152885,0.7225955724716187,0.0066034686751663685,0.006427376065403223,0.6902825832366943,0.0230721365660429,0.03696785494685173,0.7971685528755188,0.006849540397524834,0.004162161145359278,0.0058663529343903065,0.20374925434589386,0.5665782690048218,1.370579949576708,0.8924580497749262,0.5222157797483471,0.9871464170980561,0.021902901785714284,0.5248525191326531,609.3279886245728,0.7766738274257071,0.9925835541743723,Potato___Early_blight
0.5779833793640137,0.29756656289100647,0.6609646677970886,0.2331867218017578,0.4799577295780182,0.3478272557258606,38.708045959472656,9.193333625793457,95.4200439453125,73.59878540039062,168.89512634277344,59.07500457763672,0.008107369765639305,0.0452243834733963,0.7748876810073853,0.005837306380271912,0.0045990897342562675,0.004451683256775141,0.005807824898511171,0.6303406357765198,0.021426090970635414,0.018696464598178864,0.008834593929350376,0.7758005857467651,0.006486529018729925,0.005899512674659491,0.005371198058128357,0.6301912069320679,0.05842863768339157,0.8378391861915588,0.00603773258626461,0.005079362075775862,0.005143253598362207,0.003929317928850651,0.17161215841770172,0.5148364901542664,1.8202900569299914,0.9026771923545125,0.5485557528244906,0.987789014437648,0.022919323979591837,0.5629783163265306,630.0559103488922,0.7785765936144177,0.9932234659665431,Apple___Black_rot
0.5633066296577454,0.3195323646068573,0.7271102666854858,0.17411580681800842,0.5194641947746277,0.32365304231643677,44.761558532714844,12.871965408325195,89.98587036132812,70.6189956665039,185.5611114501953,44.563480377197266,0.0,0.010848721489310265,0.7727560997009277,0.004104145802557468,0.005108656827360392,0.004448549821972847,0.008294392377138138,0.6345067024230957,0.0,0.0,0.0,0.010609843768179417,0.7698981761932373,0.006616891361773014,0.005932385567575693,0.6380166411399841,0.005423851311206818,0.832827627658844,0.0193440243601799,0.004922223277390003,0.005455202888697386,0.004420595709234476,0.17654165625572205,0.5241697430610657,1.2562573972358753,0.9398051028576343,0.6254964646761569,0.9887707327351252,0.013950892857142858,0.5469945790816326,618.6416969299316,0.7790644347626691,0.99358447113012,Apple___healthy
0.5774765014648438,0.3288332521915436,0.7324541807174683,0.18366679549217224,0.5703221559524536,0.2984829843044281,46.992427825927734,16.553855895996094,79.08338928222656,65.54597473144531,187.27224731445312,46.26776123046875,0.0,0.13391020894050598,0.6507312655448914,0.026624685153365135,0.005475999321788549,0.004059792496263981,0.011487009935081005,0.7468129992485046,0.0,0.0,0.02267608977854252,0.01393209584057331,0.7125771641731262,0.0065579949878156185,0.005683595780283213,0.7010350823402405,0.02069023810327053,0.020657960325479507,0.7852606773376465,0.0057454947382211685,0.005487270653247833,0.005035377573221922,0.18737414479255676,0.5893328189849854,1.4155339125560547,0.9281099824766303,0.5976060472406988,0.9878295411436823,0.014349489795918368,0.5130939094387755,597.570631146431,0.7775546494159488,0.9939449757015206,Potato___Early_blight
0.592356264591217,0.3209388554096222,0.7328059673309326,0.1847478151321411,0.591815710067749,0.2834305763244629,47.80837631225586,16.702125549316406,70.32738494873047,58.14228057861328,186.9970245361328,47.244415283203125,0.0,0.010282804258167744,0.7121058106422424,0.00420529255643487,0.00420529255643487,0.004147685598582029,0.008381782099604607,0.7019094228744507,0.0,0.0,0.0,0.01003936119377613,0.7094481587409973,0.005691831465810537,0.005320003256201744,0.7046430110931396,0.0,0.01105757337063551,0.7802539467811584,0.005591972731053829,0.0046441806480288506,0.0049285185523331165,0.17985932528972626,0.5988781452178955,1.2713557930411408,0.9249382823908745,0.5958473049587941,0.9888892980549147,0.013153698979591837,0.5019331951530612,593.813268661499,0.7747840139225558,0.9932273614597028,Tomato___healthy
0.5479866862297058,0.3483079969882965,0.7135171890258789,0.1945972442626953,0.5644823312759399,0.29635703563690186,49.6948127746582,17.84360122680664,84.62571716308594,69.00836181640625,182.0910186767578,49.775474548339844,0.005319324787706137,0.7420458197593689,0.012633396312594414,0.003816037205979228,0.00401840265840292,0.004047312308102846,0.008557174354791641,0.6701192855834961,0.0,0.0,0.0,0.01036954764276743,0.7424367666244507,0.005256189499050379,0.0054847197607159615,0.6697928309440613,0.0,0.011200042441487312,0.807183027267456,0.005178850144147873,0.004586089868098497,0.004773277323693037,0.16622236371040344,0.5662417411804199,1.4734972928271244,0.9204345684586493,0.5855674633363772,0.9886315293226675,0.013412786989795918,0.5250916772959183,607.2274833917618,0.7754146602461209,0.993033746359847,Tomato___healthy
0.5610787272453308,0.35033726692199707,0.6597976684570312,0.25978851318359375,0.5381851196289062,0.3352031707763672,44.20085144042969,15.697216033935547,70.51630401611328,58.52993392944336,168.8186798095703,65.56139373779297,0.006287449039518833,0.7093517780303955,0.015327468514442444,0.0038825722876936197,0.004143341910094023,0.005128472577780485,0.005099497735500336,0.7045999765396118,5.985475945635699e-05,0.056083910167217255,0.01960243284702301,0.6795610189437866,0.004399324767291546,0.0060752579011023045,0.004698598757386208,0.7311558127403259,0.0471012182533741,0.7700607776641846,0.007779382169246674,0.004772225860506296,0.00532789621502161,0.005066404119133949,0.1942230612039566,0.6057458519935608,2.1906714526663125,0.9007570407079748,0.544660518103045,0.9880769873160736,0.020806760204081634,0.5030094068877551,601.4284938573837,0.7815407342217752,0.989789825650824,Potato___Late_blight
0.5456192493438721,0.31534314155578613,0.6527084112167358,0.23041488230228424,0.4959179759025574,0.3245323598384857,43.419761657714844,11.907463073730469,83.0820541381836,61.27327346801758,166.7767333984375,58.42816162109375,0.0026878456119447947,0.029103877022862434,0.8025965094566345,0.003901711432263255,0.004566447343677282,0.00557800242677331,0.006011525634676218,0.5957190990447998,0.017077485099434853,0.0023862477391958237,0.007963743060827255,0.8025842308998108,0.004456245806068182,0.005404994823038578,0.00652624387294054,0.5961594581604004,0.02732900343835354,0.8578808307647705,0.018240157514810562,0.005122235976159573,0.004122775513678789,0.005621966440230608,0.16256852447986603,0.4862688481807709,1.9536347270060919,0.9593291322498869,0.6690202925364758,0.9865512945555324,0.01881377551020408,0.5772281568877551,637.1269773244858,0.7763464771926019,0.9934066696741507,Apple___Black_rot
0.5500338673591614,0.35798540711402893,0.7566314339637756,0.15962311625480652,0.5789622068405151,0.29226940870285034,49.69682693481445,18.150367736816406,92.86248779296875,79.2963638305664,193.07154846191406,40.83800506591797,0.010447774082422256,0.718690812587738,0.008938651531934738,0.004556390456855297,0.003250418696552515,0.003830850590020418,0.011405487544834614,0.6950672268867493,0.0,0.0,0.0,0.005049529019743204,0.7192868590354919,0.00690387561917305,0.005563040263950825,0.6946383118629456,0.0,0.011606656014919281,0.7923603653907776,0.0058033280074596405,0.0045982650481164455,0.004629977513104677,0.19398336112499237,0.5782080888748169,1.1824672088792691,0.9633115989395485,0.6665227715638835,0.9894409690225683,0.01331313775510204,0.5083705357142857,597.3279905319214,0.7781989644970414,0.9938208438287154,Apple___healthy
0.5988392233848572,0.29146143794059753,0.7574682235717773,0.15390238165855408,0.5669026970863342,0.2855467200279236,45.364498138427734,14.266473770141602,76.45091247558594,59.41804504394531,193.76419067382812,38.1844482421875,0.0,0.010931252501904964,0.7516999244689941,0.032588060945272446,0.006112098228186369,0.004848539363592863,0.009755848906934261,0.6584904193878174,0.0,0.0,0.021223388612270355,0.003537231357768178,0.07446325570344925,0.7232882380485535,0.008314005099236965,0.6861321926116943,0.0024227374233305454,0.035894766449928284,0.8195546865463257,0.006248112302273512,0.007013187278062105,0.005164256319403648,0.18078084290027618,0.5424381494522095,1.0647389655504274,0.9371255092685867,0.6168175802629485,0.9878672824820034,0.017717633928571428,0.5410355548469388,628.3990565538406,0.7841824229691877,0.9889242544109801,Potato___Early_blight
0.58014315366745,0.31162405014038086,0.6749888062477112,0.2303464114665985,0.5392755270004272,0.31380829215049744,43.09173583984375,12.706835746765137,69.82772827148438,54.13302230834961,172.50938415527344,58.312374114990234,0.0,0.04132560268044472,0.7434499263763428,0.00528310239315033,0.003698171814903617,0.004960246384143829,0.006545176729559898,0.6674319505691528,0.0,0.03154479339718819,0.008456813171505928,0.7425901293754578,0.005589105188846588,0.004886809270828962,0.006320663262158632,0.6688783168792725,0.03435840085148811,0.062024038285017014,0.7918335795402527,0.004903609864413738,0.004340357147157192,0.006162644829601049,0.17944560945034027,0.5793880224227905,1.7888242443687665,0.9439973910016572,0.6304374493424589,0.9879904517332242,0.02002949617346939,0.5354153380102041,645.0264729261398,0.779629955430448,0.9849051711364647,Potato___Late_blight
0.6008562445640564,0.28655388951301575,0.7308633923530579,0.17287957668304443,0.5338424444198608,0.31179049611091614,42.22947311401367,11.120769500732422,84.53450012207031,66.04006958007812,186.75698852539062,43.711219787597656,0.0,0.006897639017552137,0.762843906879425,0.027445035055279732,0.0038708269130438566,0.004569321870803833,0.00881850067526102,0.645875096321106,0.0,0.0,0.011967189610004425,0.013697385787963867,0.7627569437026978,0.0056231371127069,0.006488235201686621,0.6463724374771118,0.009000767953693867,0.21964719891548157,0.7416917681694031,0.006901774555444717,0.004873933736234903,0.006581589113920927,0.19282278418540955,0.6035495400428772,1.2137475294668527,0.917661008786951,0.5784459103995692,0.9879078502170736,0.015565210459183673,0.5469547193877551,622.6416966915131,0.7752389102838397,0.993238551222543,Potato___Early_blight
0.5687960386276245,0.30960071086883545,0.6779942512512207,0.21984107792377472,0.4939998686313629,0.34065139293670654,40.85911560058594,10.323637008666992,91.61080932617188,71.34700775146484,173.24038696289062,55.69499588012695,0.0,0.04331459105014801,0.7690172791481018,0.004252278711646795,0.0053080166690051556,0.005102734547108412,0.0068036457523703575,0.637665867805481,0.0,0.04055052995681763,0.00508894631639123,0.16245977580547333,0.6896810531616211,0.006957040634006262,0.006957040634006262,0.704400360584259,0.04510418325662613,0.8354023694992065,0.007607934530824423,0.005178510211408138,0.005881764460355043,0.004794916603714228,0.18422070145606995,0.515741229057312,2.0187185527703035,0.8818538245360064,0.4966740722649058,0.9855858727232183,0.020627391581632654,0.5539500956632653,635.2274825572968,0.7823356035025468,0.9868786773995596,Potato___Late_blight
0.5353620648384094,0.3637630045413971,0.7734420895576477,0.13997375965118408,0.5560183525085449,0.30710434913635254,48.97341537475586,17.25724983215332,99.8601303100586,84.01392364501953,197.370361328125,35.8435173034668,0.010784050449728966,0.7361564040184021,0.0072763352654874325,0.004290428943932056,0.003826598636806011,0.00446436507627368,0.011218891479074955,0.6765542030334473,0.0,0.0,0.0,0.0,0.022161316126585007,0.7302311658859253,0.007042182143777609,0.6828042268753052,0.0,0.018098587170243263,0.803267240524292,0.005442232824862003,0.004777774214744568,0.005568796303123236,0.18449801206588745,0.5659605860710144,1.0816232686518072,0.9559558222296469,0.6539282863887139,0.9902509240943062,0.013432716836734694,0.5203284438775511,603.2274843454361,0.7764244736130718,0.9938866139915796,Tomato___healthy
0.5456081032752991,0.3438281714916229,0.7249912619590759,0.1805572211742401,0.5130507946014404,0.3378344774246216,45.43476867675781,13.635615348815918,93.56694793701172,75.75457000732422,185.0061798095703,46.18622970581055,0.005336938425898552,0.7527693510055542,0.017490074038505554,0.004466785117983818,0.004031708929687738,0.0037996680475771427,0.00954267755150795,0.6579226851463318,0.0,0.0,0.0,0.010794089175760746,0.7541584372520447,0.0061394949443638325,0.005168598145246506,0.6565547585487366,0.011716935783624649,0.8190263509750366,0.008396092802286148,0.004573991056531668,0.0044800047762691975,0.004292032681405544,0.17249585688114166,0.5469678640365601,1.3644232768390392,0.9657639203461987,0.6733468874683158,0.989211090503511,0.01385124362244898,0.5350366709183674,613.8132710456848,0.7766156363211406,0.9937939285180201,Tomato___healthy
0.5739181637763977,0.32687273621559143,0.6815018653869629,0.23042704164981842,0.5646820068359375,0.30001944303512573,47.205196380615234,16.815643310546875,66.61224365234375,53.04974365234375,174.12142944335938,58.526206970214844,0.0,0.048132676631212234,0.7194505929946899,0.005905849859118462,0.003838802222162485,0.004075036384165287,0.007470899727195501,0.6927856802940369,0.0,0.03271939978003502,0.010632336139678955,0.719327449798584,0.006814093794673681,0.004758117254823446,0.005727363284677267,0.6937452554702759,0.03227652236819267,0.023361433297395706,0.7900264263153076,0.0067025842145085335,0.004555154126137495,0.004978132899850607,0.18884368240833282,0.5818233489990234,1.9151397673605262,0.95500853101953,0.6489474778620238,0.9872309361128367,0.021025988520408163,0.5196508290816326,608.1564155817032,0.7753223951080704,0.9916177865536132,Potato___Late_blight
0.5610787272453308,0.35033726692199707,0.6597976684570312,0.25978851318359375,0.5381851196289062,0.3352031707763672,44.20085144042969,15.697216033935547,70.51630401611328,58.52993392944336,168.8186798095703,65.56139373779297,0.006287449039518833,0.7093517780303955,0.015327468514442444,0.0038825722876936197,0.004143341910094023,0.005128472577780485,0.005099497735500336,0.7045999765396118,5.985475945635699e-05,0.056083910167217255,0.01960243284702301,0.6795610189437866,0.004399324767291546,0.0060752579011023045,0.004698598757386208,0.7311558127403259,0.0471012182533741,0.7700607776641846,0.007779382169246674,0.004772225860506296,0.00532789621502161,0.005066404119133949,0.1942230612039566,0.6057458519935608,2.1906714526663125,0.9007570407079748,0.544660518103045,0.9880769873160736,0.020806760204081634,0.5030094068877551,601.4284938573837,0.7815407342217752,0.989789825650824,Potato___Late_blight
0.5714421272277832,0.3315657675266266,0.6613583564758301,0.24892932176589966,0.5312362313270569,0.3327513039112091,42.90045166015625,12.61093807220459,72.3691635131836,58.623897552490234,168.9056396484375,63.38113784790039,3.175773599650711e-05,0.19143563508987427,0.6302322745323181,0.004446083214133978,0.004192021209746599,0.005240026395767927,0.005525846034288406,0.7523725032806396,0.0,0.020997969433665276,0.01647128537297249,0.7185160517692566,0.004906340502202511,0.005110771395266056,0.004409865476191044,0.6949480772018433,0.03161057457327843,0.7923545837402344,0.009036187082529068,0.004920058883726597,0.004823587369173765,0.004051813390105963,0.18702656030654907,0.5796986818313599,1.757651336314254,0.9596745189635735,0.6569115247414976,0.9893340828329094,0.022480867346938774,0.5169403698979592,602.3990576267242,0.7752535925612849,0.9931737314356436,Potato___Late_blight
0.6171616315841675,0.2826104760169983,0.7053113579750061,0.2038663625717163,0.5400428771972656,0.3181075155735016,39.8159294128418,9.9729585647583,78.36920166015625,63.25248718261719,180.55047607421875,51.14903259277344,0.0,0.005358234979212284,0.7245754599571228,0.0509476400911808,0.005387838464230299,0.005417441949248314,0.006483168341219425,0.6872158646583557,0.0,0.0,0.03526958078145981,0.020866606384515762,0.724044680595398,0.006493144668638706,0.00575528759509325,0.6884799599647522,0.031692542135715485,0.6661052703857422,0.28897902369499207,0.006106245797127485,0.006780555471777916,0.005469398107379675,0.22600603103637695,0.6485357880592346,1.504642595905524,0.9288002744074302,0.5981505275981422,0.9871206776250393,0.015166613520408163,0.526725924744898,604.3990561962128,0.7750988971469671,0.9934890331502324,Potato___Early_blight
0.6178159713745117,0.27780187129974365,0.721589982509613,0.18790368735790253,0.5326929092407227,0.32002028822898865,39.898956298828125,10.248434066772461,84.74334716796875,67.8064193725586,184.9640655517578,46.520118713378906,0.0,0.004824861418455839,0.7264862656593323,0.07111426442861557,0.00431540422141552,0.005783840082585812,0.00776173360645771,0.6833921670913696,0.0,0.0,0.037097685039043427,0.01819496788084507,0.7343159317970276,0.005426052026450634,0.007136438507586718,0.6774898171424866,0.01826775074005127,0.796191394329071,0.06442996114492416,0.003942680079489946,0.005322617944329977,0.006176865193992853,0.18080472946166992,0.5734299421310425,1.2924777292927674,0.9018406441291131,0.5400206294879183,0.9884325880641538,0.01709980867346939,0.5346181441326531,618.156414270401,0.7792611719139697,0.989843648087065,Potato___Early_blight
0.5655767321586609,0.31433528661727905,0.6555066704750061,0.23782013356685638,0.550545334815979,0.29401060938835144,47.298789978027344,15.453290939331055,58.09109878540039,42.525718688964844,167.41505432128906,60.454750061035156,0.0,0.02568439394235611,0.772151529788971,0.0044831992127001286,0.0039914934895932674,0.0045121232978999615,0.005611230153590441,0.6348499655723572,0.00028985898825339973,0.017275596037507057,0.013362499885261059,0.7692567706108093,0.004956589080393314,0.004898617044091225,0.005855151917785406,0.6385014057159424,0.018786916509270668,0.015117351897060871,0.831611156463623,0.00473593408241868,0.004579114727675915,0.00498684449121356,0.16387586295604706,0.5300168991088867,1.7431786533008946,0.9609231651268573,0.6638470924975202,0.9880379869825511,0.01721938775510204,0.5516581632653061,630.5411919355392,0.7781705135848735,0.9905317745695029,Potato___Late_blight
0.5976011753082275,0.3273758590221405,0.7316433787345886,0.20341439545154572,0.5349001884460449,0.3513103127479553,41.24848556518555,12.371869087219238,89.81722259521484,80.2998046875,186.87396240234375,51.405555725097656,0.010296642780303955,0.03906233608722687,0.6657708883285522,0.004366484936326742,0.0041304584592580795,0.004100955091416836,0.00764134805649519,0.7449871897697449,0.021422646939754486,0.012061242945492268,0.0034041465260088444,0.013117702677845955,0.6632509827613831,0.006368101574480534,0.005018181633204222,0.7478264570236206,0.04973079264163971,0.7408185005187988,0.006060735788196325,0.0044554597698152065,0.004717545583844185,0.004586502909660339,0.19165030121803284,0.6417827606201172,1.5173114844959676,0.9540266320065094,0.6453904530286309,0.9891041198141824,0.0223812181122449,0.4831393494897959,585.3279904127121,0.7746763883981628,0.9928984582449929,Apple___Black_rot
0.5689290165901184,0.32452040910720825,0.7304376363754272,0.17661431431770325,0.5485012531280518,0.3073180317878723,46.49435806274414,14.594897270202637,78.88117980957031,62.71897506713867,186.35662841796875,45.13870620727539,0.0,0.013230908662080765,0.7515674829483032,0.004785034339874983,0.0033437591046094894,0.0043238261714577675,0.009685371071100235,0.6594123244285583,0.0,0.0,0.0,0.010565504431724548,0.7494655251502991,0.005311307497322559,0.005539751145988703,0.661914587020874,0.0,0.025088747963309288,0.8136780261993408,0.005561233963817358,0.003475771052762866,0.005276852753013372,0.18039251863956451,0.5519840717315674,1.3147979683814863,0.9336467992366283,0.6127899691944737,0.9883695269766184,0.01371173469387755,0.5318478954081632,612.3990558385849,0.7742857142857142,0.9928418442114756,Tomato___healthy
0.5510695576667786,0.35813137888908386,0.7391879558563232,0.17680038511753082,0.5491714477539062,0.322208434343338,47.38020324707031,16.27977752685547,89.85550689697266,76.65576934814453,188.62452697753906,45.21896743774414,0.01028811652213335,0.7166904807090759,0.00857826042920351,0.0038544212002307177,0.0031009253580123186,0.004260149784386158,0.010201174765825272,0.6971575617790222,0.0,0.0,0.0,0.010210167616605759,0.7161417007446289,0.004919184371829033,0.005920181050896645,0.697837769985199,0.0030361609533429146,0.7804211974143982,0.027229569852352142,0.004474342335015535,0.00386711023747921,0.005337251350283623,0.1816263496875763,0.5976123809814453,1.316859229703566,0.9660288728461777,0.6710730701972631,0.989652449037956,0.013452646683673469,0.5072146045918368,596.984842300415,0.7750092284976006,0.9933563331690488,Apple___healthy
0.5868065357208252,0.3129361569881439,0.6949129700660706,0.21484972536563873,0.5363791584968567,0.32398468255996704,42.48102569580078,11.616532325744629,77.65557098388672,62.617279052734375,177.4376983642578,54.73085021972656,0.0,0.019233915954828262,0.7363263964653015,0.005032633896917105,0.004540939815342426,0.0039046297315508127,0.005929252598434687,0.6762818694114685,0.0,0.014446808025240898,0.0037292924243956804,0.44405457377433777,0.4210068881511688,0.00587951485067606,0.005913112312555313,0.7907443642616272,0.01667291298508644,0.7984472513198853,0.021911146119236946,0.005525697022676468,0.0036731513682752848,0.004216138739138842,0.1776527613401413,0.5745447278022766,1.608206277129184,0.8871301346663791,0.5161336612848851,0.9883196214896766,0.01717952806122449,0.5237563775510204,604.3990569114685,0.7798040038360106,0.9940784321216405,Potato___Late_blight
0.5661599040031433,0.34697023034095764,0.6756673455238342,0.24662041664123535,0.5674631595611572,0.3092758059501648,47.9604606628418,18.684091567993164,70.62605285644531,59.066585540771484,172.645263671875,62.50503921508789,0.01639663614332676,0.6995800733566284,0.020027320832014084,0.004421235993504524,0.003337886882945895,0.004069879651069641,0.007290647365152836,0.7140149474143982,0.02881416119635105,0.0056509897112846375,0.013391667976975441,0.6902742981910706,0.006445660255849361,0.004032216500490904,0.0054155318066477776,0.7227674722671509,0.036867719143629074,0.01734377257525921,0.763126015663147,0.005629404913634062,0.0038397095631808043,0.0045555876567959785,0.18293938040733337,0.6184210181236267,2.032366228530064,0.951513881070939,0.6433035626281141,0.9880860152517644,0.023018973214285716,0.5015545280612245,594.7422022819519,0.7741236277445109,0.9927805775537957,Apple___Black_rot
0.5673103332519531,0.32855644822120667,0.7380358576774597,0.1710337996482849,0.5112444162368774,0.34425485134124756,43.693260192871094,12.320087432861328,97.04378509521484,80.01929473876953,188.34063720703125,43.76445388793945,0.0,0.037378471344709396,0.7353151440620422,0.004631998483091593,0.0038404546212404966,0.004250884987413883,0.008970832452178001,0.6765942573547363,0.0,0.0,0.0,0.00985597912222147,0.7444549798965454,0.0058850194327533245,0.005685043055564165,0.6675497889518738,0.011321510188281536,0.815054178237915,0.007253335323184729,0.004162783734500408,0.004478146322071552,0.004825044889003038,0.18716758489608765,0.5480998754501343,1.3701944674062005,0.8926154121112472,0.5204317933666026,0.9884431522997116,0.013671875,0.5283003826530612,608.3990565538406,0.7760644589000592,0.9935646281680011,Apple___healthy
0.5923466682434082,0.29008689522743225,0.7053068280220032,0.19399650394916534,0.5610935688018799,0.2836306095123291,45.22397232055664,14.27167797088623,66.18881225585938,49.5394401550293,180.6035614013672,48.56743621826172,0.0,0.010764440521597862,0.7633020877838135,0.04414895176887512,0.0053084916435182095,0.004659675993025303,0.007225446868687868,0.6443623900413513,0.0,0.0,0.03292898088693619,0.018385102972388268,0.7624099850654602,0.006392268463969231,0.0052193752489984035,0.6459416747093201,0.009045140817761421,0.04423138126730919,0.8318642973899841,0.007184792775660753,0.004971620161086321,0.004682945087552071,0.18690083920955658,0.520512580871582,1.4453301178099607,0.9578140226679294,0.6532385115344892,0.9872518645469116,0.015904017857142856,0.5542889030612245,631.1269783973694,0.7777020696703858,0.9888098761866946,Potato___Early_blight
0.5617169141769409,0.3387097120285034,0.7233262062072754,0.1872536838054657,0.5550514459609985,0.30819299817085266,47.496673583984375,15.932361602783203,80.6838150024414,65.92692565917969,184.56651306152344,47.874019622802734,0.0018140011234208941,0.7271803617477417,0.03253498673439026,0.0038035507313907146,0.004125389736145735,0.003598744049668312,0.009421102702617645,0.6855753660202026,0.0,0.0,0.0,0.010629759170114994,0.7348535060882568,0.005286304745823145,0.0048862602561712265,0.6781043410301208,0.0,0.022896945476531982,0.8009181022644043,0.004908750765025616,0.0043387021869421005,0.0043703713454306126,0.18152876198291779,0.5700801014900208,1.3680888361347083,0.9665570878427074,0.6721775309301385,0.9892265523937834,0.01349250637755102,0.5205277423469388,604.6416989564896,0.7760804321728692,0.993831549414862,Tomato___healthy
0.639808177947998,0.2867089509963989,0.7580597400665283,0.16788476705551147,0.5563725829124451,0.33193841576576233,39.8037109375,10.036290168762207,84.65465545654297,75.33233642578125,193.5238037109375,42.740966796875,0.0,0.005487154703587294,0.6715232133865356,0.02218087948858738,0.004296819679439068,0.005225861445069313,0.007461369037628174,0.7405626773834229,0.0,0.0,0.006808323320001364,0.00856067705899477,0.6747709512710571,0.00580287491902709,0.007583955302834511,0.7378844022750854,0.015459719114005566,0.7477264404296875,0.014554128982126713,0.0045279511250555515,0.005433541256934404,0.005271828733384609,0.19576920568943024,0.634074866771698,1.062849618144629,0.9412475193657395,0.6280821350067095,0.9893625907452475,0.013911033163265306,0.4811463647959184,581.4284918308258,0.7803089685805735,0.9930792252057528,Potato___Early_blight
0.5540695190429688,0.34381499886512756,0.6856551170349121,0.22547903656959534,0.5330159068107605,0.3271753489971161,45.50651550292969,15.34550666809082,77.68120574951172,62.746788024902344,175.2197723388672,57.11241912841797,0.0048311082646250725,0.729731559753418,0.031446121633052826,0.0035720919258892536,0.0051824613474309444,0.004421195946633816,0.007027066312730312,0.6829137206077576,2.9225937396404333e-05,0.027589285746216774,0.006517384201288223,0.7255339026451111,0.007306484505534172,0.006605061702430248,0.005348346661776304,0.6875109672546387,0.02206197753548622,0.8015422224998474,0.019388774409890175,0.004509017337113619,0.006022758781909943,0.004412395413964987,0.19298593699932098,0.5651087164878845,1.7206494467873052,0.9366738103824221,0.6187705147742006,0.9885303820182332,0.024792729591836735,0.5225605867346939,603.8132692575455,0.7786914765906362,0.9942138943173545,Potato___Late_blight
0.5945180654525757,0.31239235401153564,0.6752026677131653,0.24237419664859772,0.5190921425819397,0.34680554270744324,39.07435989379883,10.196160316467285,83.63675689697266,69.83655548095703,172.58645629882812,61.298606872558594,0.005352094303816557,0.04695649817585945,0.7067721486091614,0.0045537156984210014,0.003459641244262457,0.005233816336840391,0.005559081677347422,0.7057963609695435,0.02441263757646084,0.015862317755818367,0.009405351243913174,0.7077305912971497,0.004569998476654291,0.004746901802718639,0.006899223662912846,0.7057551741600037,0.05601008981466293,0.7788862586021423,0.006691182032227516,0.0032966311555355787,0.005189746152609587,0.0055161453783512115,0.18588431179523468,0.5962659120559692,1.8448905568179574,0.9550403774848699,0.6473128435409544,0.9881289113425846,0.021504304846938774,0.5135722257653061,603.9137740135193,0.7768629002800438,0.9913957192246436,Apple___Black_rot
0.5627628564834595,0.34635183215141296,0.7143417000770569,0.20102380216121674,0.5775765776634216,0.29440441727638245,49.418785095214844,17.943635940551758,79.78703308105469,66.83210754394531,182.2791748046875,51.38619613647461,0.005361820571124554,0.7163102030754089,0.01382480189204216,0.003941662609577179,0.004434370435774326,0.0036808173172175884,0.009158569388091564,0.6975293755531311,0.0,0.0,0.0,0.013989903964102268,0.7157498598098755,0.005819570738822222,0.004701525438576937,0.6981765031814575,0.0,0.011910448782145977,0.7813881039619446,0.005391045473515987,0.0055791051127016544,0.004231343511492014,0.16160598397254944,0.6025747060775757,1.4751094234321473,0.906043641899495,0.5552716465325762,0.9893744465383657,0.013412786989795918,0.5067163584183674,599.3279868364334,0.7767592592592593,0.9932120446742176,Apple___healthy
0.5514011383056641,0.35374122858047485,0.7448331713676453,0.16951335966587067,0.5568008422851562,0.3111158609390259,47.977378845214844,16.5947208404541,90.14090728759766,75.96226501464844,190.0746612548828,43.373252868652344,0.007877382449805737,0.7255880236625671,0.009730883873999119,0.003880769247189164,0.003620120696723461,0.004865441936999559,0.009672962129116058,0.6879097819328308,0.0,0.0,0.0,0.009437646716833115,0.7247540354728699,0.005262202583253384,0.00663495110347867,0.6888909935951233,0.0,0.13009415566921234,0.7412001490592957,0.005506990477442741,0.004521171096712351,0.0058469283394515514,0.18716968595981598,0.631332278251648,1.2627411328328109,0.9407222650663848,0.6260362040664054,0.9899514554914968,0.013572225765306123,0.5128148915816326,599.5706293582916,0.7775793650793651,0.9941072020917481,Apple___healthy
0.5853212475776672,0.3124820590019226,0.6735054850578308,0.23620936274528503,0.5146237015724182,0.3417569696903229,40.103118896484375,10.01348876953125,84.02967834472656,68.4037857055664,172.08334350585938,59.880775451660156,0.0021167444065213203,0.04154110699892044,0.7301003932952881,0.003998294938355684,0.005115465726703405,0.005086066201329231,0.005174263846129179,0.6820032596588135,0.011969395913183689,0.018963737413287163,0.008428327739238739,0.731479287147522,0.004448283929377794,0.005706680007278919,0.006028595380485058,0.6813775897026062,0.04695465415716171,0.7998136878013611,0.0068556382320821285,0.004688998218625784,0.0062088798731565475,0.004494970664381981,0.18439079821109772,0.5691796541213989,1.907270463950328,0.9589277388767695,0.6549133339459732,0.987442487691077,0.021025988520408163,0.5263273278061225,607.8132708072662,0.7782849982098102,0.9930711539193665,Apple___Black_rot
0.5633066296577454,0.3195323646068573,0.7271102666854858,0.17411580681800842,0.5194641947746277,0.32365304231643677,44.761558532714844,12.871965408325195,89.98587036132812,70.6189956665039,185.5611114501953,44.563480377197266,0.0,0.010848721489310265,0.7727560997009277,0.004104145802557468,0.005108656827360392,0.004448549821972847,0.008294392377138138,0.6345067024230957,0.0,0.0,0.0,0.010609843768179417,0.7698981761932373,0.006616891361773014,0.005932385567575693,0.6380166411399841,0.005423851311206818,0.832827627658844,0.0193440243601799,0.004922223277390003,0.005455202888697386,0.004420595709234476,0.17654165625572205,0.5241697430610657,1.2562573972358753,0.9398051028576343,0.6254964646761569,0.9887707327351252,0.013950892857142858,0.5469945790816326,618.6416969299316,0.7790644347626691,0.99358447113012,Apple___healthy
0.5809984803199768,0.32601413130760193,0.7380542159080505,0.1797536015510559,0.5403828620910645,0.3270077109336853,43.93199920654297,13.914855003356934,85.90898132324219,71.86788940429688,188.7223358154297,45.211158752441406,0.0,0.05266828089952469,0.6906169652938843,0.03711888566613197,0.004114236682653427,0.003962977789342403,0.009166277013719082,0.720263659954071,0.0,0.0,0.03340505436062813,0.01955992542207241,0.7033030390739441,0.0067752753384411335,0.005243473686277866,0.7097837328910828,0.02458587847650051,0.7860354781150818,0.02031007409095764,0.005571503192186356,0.004858869127929211,0.004178627394139767,0.19364213943481445,0.5861415863037109,1.2607258798042547,0.9539018844645395,0.6399500878861767,0.9891293161700874,0.013412786989795918,0.5139309630102041,602.9848430156708,0.7735757575757576,0.9930562309143601,Potato___Early_blight
0.5843160152435303,0.31976860761642456,0.6525818705558777,0.2569838762283325,0.5326244831085205,0.331984281539917,40.65995788574219,10.425162315368652,68.94586944580078,55.66463088989258,166.6327667236328,65.45258331298828,0.0,0.02902568317949772,0.721624493598938,0.00410493602976203,0.006812447216361761,0.0032897714991122484,0.004308727104216814,0.6916089653968811,0.0,0.01961652562022209,0.014748829416930676,0.7189034223556519,0.005479802377521992,0.005625541787594557,0.0035268941428512335,0.6946232318878174,0.02797066979110241,0.792160153388977,0.008821025490760803,0.0058058383874595165,0.00564545625820756,0.0028868811205029488,0.18556229770183563,0.5806159377098083,1.9289084112676456,0.9549506714339724,0.6484631988999042,0.9882767656691974,0.020627391581632654,0.5151466836734694,604.7422031164169,0.7792277167277167,0.9914554811146713,Potato___Late_blight
0.578167200088501,0.3208220303058624,0.6831121444702148,0.23335948586463928,0.5301636457443237,0.3297688663005829,42.17739486694336,13.154812812805176,78.52875518798828,63.66310119628906,174.59922790527344,58.973724365234375,0.009120059199631214,0.05439251288771629,0.7185176014900208,0.0039043391589075327,0.005394544918090105,0.00506669981405139,0.005811802577227354,0.6932437419891357,0.03594572842121124,0.021779082715511322,0.004506017081439495,0.4832361936569214,0.35495126247406006,0.006895571947097778,0.006383524276316166,0.7991353273391724,0.06105648726224899,0.7816688418388367,0.02867201901972294,0.0047399988397955894,0.005900138057768345,0.0048062922433018684,0.18442903459072113,0.5919032096862793,1.875120788602802,0.8872474283175753,0.517034901852197,0.9876797998275444,0.027622767857142856,0.5247130102040817,608.1564143896103,0.7789731635885482,0.9925367451069987,Apple___Black_rot
0.5862687826156616,0.3183216452598572,0.768281102180481,0.15318265557289124,0.5545020699501038,0.3115680515766144,44.758750915527344,14.623254776000977,85.00054168701172,70.51220703125,196.53201293945312,37.9461669921875,0.0,0.01119531225413084,0.7186212539672852,0.0345287024974823,0.004595970269292593,0.004507586359977722,0.010458778589963913,0.6943450570106506,0.0,0.0,0.030500994995236397,0.00698179891332984,0.026388833299279213,0.705280065536499,0.007543893065303564,0.7077059149742126,0.029962453991174698,0.0358567051589489,0.7789255380630493,0.005828761495649815,0.005173844285309315,0.00501011498272419,0.1849813163280487,0.5973170399665833,1.0181537729134769,0.9562747954347908,0.6458080852562308,0.9899605177688928,0.02451371173469388,0.5176578443877551,604.1564143896103,0.7776568075969273,0.9935665848805085,Potato___Early_blight
0.580882728099823,0.3145233392715454,0.745696485042572,0.16325587034225464,0.5273218154907227,0.3281739056110382,43.75019836425781,12.199361801147461,91.0810317993164,74.22441864013672,190.27774047851562,41.76383590698242,0.0,0.01060076430439949,0.7493991851806641,0.005818897858262062,0.00472425390034914,0.003427964635193348,0.009506120346486568,0.661914050579071,0.0,0.0,0.0,0.005271488334983587,0.7481809258460999,0.007494061719626188,0.005385466385632753,0.6634096503257751,0.005744133144617081,0.8139626383781433,0.015685902908444405,0.006185989826917648,0.0042291972786188126,0.004639492370188236,0.18172922730445862,0.5514367818832397,1.1350524081593676,0.9654625022411452,0.6710991634188275,0.9897857560162334,0.013771524234693877,0.5301737882653061,608.9848425388336,0.7798667653589934,0.9933812298466934,Apple___healthy
0.5781870484352112,0.34732967615127563,0.7149661183357239,0.20979046821594238,0.5558674335479736,0.3303404152393341,45.04219055175781,14.658041954040527,76.49551391601562,66.5192642211914,182.44818115234375,53.625614166259766,0.00529085798189044,0.6820291876792908,0.012576629407703876,0.004741534125059843,0.004452416207641363,0.0025442377664148808,0.007921830751001835,0.7311214208602905,0.0,0.0,0.0,0.32365676760673523,0.4622236490249634,0.007080295123159885,0.0036856329534202814,0.8255494832992554,0.005976449232548475,0.7568038702011108,0.011185867711901665,0.006104287691414356,0.004250629805028439,0.00278048706240952,0.1918216496706009,0.6246827840805054,1.481244977240932,0.9663770801845378,0.6709582311612488,0.9897053813662476,0.01309390943877551,0.4839564732142857,585.9137744903564,0.7782221502590674,0.9927090218109715,Apple___healthy
0.5820346474647522,0.3317910432815552,0.7192549705505371,0.1983165144920349,0.5750482082366943,0.30031388998031616,47.11565399169922,16.250389099121094,72.08155059814453,59.98176193237305,183.5323028564453,50.69485855102539,0.0,0.1670050472021103,0.6201384663581848,0.004678276367485523,0.004238706547766924,0.003924728371202946,0.00901117641478777,0.7664209604263306,0.0,0.0,0.0,0.01248068269342184,0.7084218263626099,0.004894946701824665,0.004866321105509996,0.7056452035903931,0.0,0.011799725703895092,0.7810279130935669,0.004966640379279852,0.0044921208173036575,0.004397216718643904,0.18401877582073212,0.5965979099273682,1.3949703823293689,0.9654589263327066,0.6697482692071498,0.9890736944807401,0.013333067602040817,0.501594387755102,597.0853471755981,0.7749657789945247,0.9925886079732233,Apple___healthy
0.5372030138969421,0.3454047739505768,0.7069677114486694,0.19364455342292786,0.50919109582901,0.3353317379951477,46.06927490234375,13.914258003234863,91.36344146728516,72.52236938476562,180.37814331054688,49.49123764038086,0.005375000648200512,0.7652440071105957,0.015026883222162724,0.004132392816245556,0.003785618580877781,0.0035833336878567934,0.009391801431775093,0.6434395909309387,0.0,0.0,0.0,0.01151425763964653,0.7656981348991394,0.005073113366961479,0.004702605307102203,0.6430598497390747,0.011420943774282932,0.8310691714286804,0.009324496611952782,0.004724828526377678,0.003973862621933222,0.003911281935870647,0.17941832542419434,0.526176929473877,1.5125700044239787,0.9348413353210769,0.615663510082582,0.9892292631298087,0.013831313775510204,0.5438257334183674,616.8843381404877,0.7759511844938981,0.9936386534536964,Apple___healthy
0.6375211477279663,0.27860504388809204,0.7175246477127075,0.20272624492645264,0.5630325675010681,0.3139535188674927,39.38540267944336,9.704076766967773,72.38468933105469,61.096092224121094,183.543212890625,50.97868347167969,0.0,0.0038240146823227406,0.6809117794036865,0.05721200257539749,0.004001875873655081,0.004713320638984442,0.00666979281231761,0.7300606966018677,0.0,0.0,0.026785315945744514,0.019400304183363914,0.687978208065033,0.0050991736352443695,0.006242092233151197,0.7249325513839722,0.023427721112966537,0.07840701937675476,0.7393047213554382,0.005393432453274727,0.004584417212754488,0.005764230620115995,0.19537708163261414,0.6391217112541199,1.243490746632462,0.9565121875459843,0.6484746853330886,0.9892093119868351,0.013811383928571428,0.49930245535714285,593.9137741327286,0.7754065040650406,0.9932309294454569,Potato___Early_blight
0.5756420493125916,0.32914286851882935,0.6978334784507751,0.21633248031139374,0.550847589969635,0.31598377227783203,45.27322006225586,14.448246955871582,71.93327331542969,58.31064987182617,178.18276977539062,55.04724884033203,0.0,0.05384088307619095,0.7078344821929932,0.004795065149664879,0.0032855074387043715,0.004321478307247162,0.0068374075926840305,0.7042529582977295,0.00010016423766501248,0.016927756369113922,0.0017027920112013817,0.4485354423522949,0.39705103635787964,0.0042068976908922195,0.0062435707077383995,0.8005125522613525,0.019557533785700798,0.4816138446331024,0.4872893691062927,0.005560475401580334,0.0037197661586105824,0.006097348872572184,0.22924497723579407,0.6910712122917175,1.5412813341166287,0.9543711896486855,0.6492162756263022,0.9894735383828519,0.017139668367346938,0.5153459821428571,598.6416997909546,0.7732874229793404,0.9937893020728205,Potato___Late_blight
0.5452122092247009,0.3571470379829407,0.6523255705833435,0.26040586829185486,0.5556606650352478,0.311641663312912,49.19240188598633,19.685197830200195,74.7383804321289,61.34291076660156,166.8217010498047,65.91524505615234,0.01031175535172224,0.727471113204956,0.010717273689806461,0.004779324401170015,0.0032151821069419384,0.00393932219594717,0.007038641721010208,0.6859055161476135,0.0,0.05241734907031059,0.02029155008494854,0.6992366313934326,0.005528625566512346,0.004661976359784603,0.004721744917333126,0.7126249074935913,0.048407990485429764,0.03290951997041702,0.7701420783996582,0.004979295656085014,0.004946320317685604,0.0041878847405314445,0.17988118529319763,0.6091228723526001,2.0381510644837904,0.9158572500096812,0.571574415840048,0.9889274942224247,0.023716517857142856,0.5149274553571429,599.2274861335754,0.7739750931733479,0.9929253075741968,Potato___Late_blight
0.5952703356742859,0.31464266777038574,0.745633602142334,0.17483067512512207,0.5570401549339294,0.3136741816997528,43.932796478271484,14.091530799865723,80.42832946777344,67.17398834228516,190.7712860107422,43.65592575073242,0.0,0.010404222644865513,0.7076634764671326,0.03241767734289169,0.0038795405998826027,0.0052608922123909,0.009434337727725506,0.7056355476379395,0.0,0.0,0.031631164252758026,0.011206970550119877,0.7021181583404541,0.005852203816175461,0.0061740754172205925,0.7112183570861816,0.01620619185268879,0.09357549995183945,0.7514858245849609,0.005899324547499418,0.005255145486444235,0.005458570551127195,0.2027808129787445,0.6205140352249146,1.3212906812064247,0.9483540176211058,0.633208960680711,0.9885046476348387,0.01953125,0.5091079400510204,593.8132696151733,0.7720515970515971,0.9938914698033013,Potato___Early_blight
0.5709168314933777,0.34056591987609863,0.7676975727081299,0.1498153656721115,0.5705930590629578,0.3028533160686493,47.331871032714844,16.333358764648438,86.19190216064453,73.37752532958984,195.89837646484375,38.34104919433594,0.0034772225189954042,0.7072787284851074,0.02559703215956688,0.00467525701969862,0.003710985416546464,0.004470714367926121,0.01060698926448822,0.7063437104225159,0.0,0.0,0.0,0.0002143773454008624,0.6457352042198181,0.13236269354820251,0.006370069459080696,0.7519744634628296,0.0,0.011660842224955559,0.7856492400169373,0.005862108431756496,0.004436190240085125,0.005133305676281452,0.18793602287769318,0.589252769947052,1.1456126805500102,0.9199272540723424,0.5832027136980709,0.9894917648361073,0.013412786989795918,0.5047831632653061,593.5706298351288,0.7758129892632817,0.9937182942295498,Tomato___healthy
0.5240831971168518,0.3713254928588867,0.7286738157272339,0.18094180524349213,0.5405616760253906,0.319579154253006,49.14676284790039,17.26491355895996,98.53970336914062,82.29637908935547,185.9359588623047,46.27190399169922,0.010515009053051472,0.7437346577644348,0.004881968256086111,0.0033220495097339153,0.003437599167227745,0.004217558540403843,0.011092756874859333,0.6682519316673279,0.0,0.0,0.0,0.010397229343652725,0.7400599122047424,0.005255741998553276,0.005084359087049961,0.6724207997322083,0.00243549095466733,0.7958045601844788,0.03207257017493248,0.0038588298484683037,0.0039220890030264854,0.005187279544770718,0.16093218326568604,0.5828414559364319,1.5509989141145013,0.8909640114055278,0.5193723408815413,0.9884853440442745,0.013512436224489796,0.5243144132653061,605.2274851799011,0.7752529761904762,0.9937813555118936,Tomato___healthy
0.5767590999603271,0.3385264575481415,0.7492988705635071,0.16977189481258392,0.5361036062240601,0.33996686339378357,43.957847595214844,13.273709297180176,90.43841552734375,78.23390197753906,191.2118377685547,43.43342590332031,0.0014933113707229495,0.6965858340263367,0.03238436207175255,0.004157847724854946,0.0036307964473962784,0.005241230130195618,0.009047710336744785,0.7166430950164795,0.0,0.0,0.0,0.00872250646352768,0.7057794332504272,0.005090511869639158,0.0070352014154195786,0.708324670791626,0.011213470250368118,0.7788729667663574,0.008817429654300213,0.0038975595962256193,0.004408714827150106,0.005782444961369038,0.19369593262672424,0.596294641494751,1.280119116145222,0.9113681143544528,0.5689044866647299,0.9896244347265254,0.01331313775510204,0.4995615433673469,590.7422045469284,0.7763610763454318,0.993354284684829,Apple___healthy
0.6099995970726013,0.30982092022895813,0.6739651560783386,0.24968284368515015,0.5364744067192078,0.34426942467689514,38.186405181884766,8.656560897827148,76.14588928222656,65.30499267578125,172.16726684570312,63.39918899536133,0.0,0.03749460354447365,0.681132435798645,0.004854995291680098,0.005176711827516556,0.003597375936806202,0.004094574134796858,0.7311447262763977,0.0,0.029205575585365295,0.014090152457356453,0.6783486008644104,0.005741517525166273,0.004921300802379847,0.003544508246704936,0.7339768409729004,0.035869404673576355,0.7590627670288086,0.004962042439728975,0.005837697070091963,0.004637726116925478,0.0035026180557906628,0.19267642498016357,0.6207417845726013,1.7409303065472002,0.9502204970016037,0.6382101537664422,0.9895045503671823,0.0234375,0.49178890306122447,599.5706303119659,0.7819174485254091,0.9868452958292919,Potato___Late_blight
0.5831954479217529,0.328678697347641,0.7049654126167297,0.21703645586967468,0.5309855341911316,0.3419295847415924,42.216278076171875,12.699941635131836,85.26871490478516,72.79682159423828,180.12420654296875,54.893978118896484,0.002938604913651943,0.039142217487096786,0.6988590359687805,0.004848698154091835,0.003732028417289257,0.0037908004596829414,0.007052652072161436,0.7141104340553284,0.01851460337638855,0.004245386924594641,0.0017983929719775915,0.032724857330322266,0.6909366846084595,0.0040684957057237625,0.005100360605865717,0.7218926548957825,0.037191517651081085,0.7730268239974976,0.00873952079564333,0.004143180325627327,0.004305023234337568,0.003916600253432989,0.18825575709342957,0.6045482754707336,1.9116059488858235,0.9344926842027435,0.6127267857686081,0.9872134722648304,0.01873405612244898,0.5049226721938775,608.7422018051147,0.7753961867029838,0.9884588068181818,Apple___Black_rot
0.5583763718605042,0.33150020241737366,0.6560096144676208,0.25093913078308105,0.509721577167511,0.34076616168022156,42.60353469848633,15.178681373596191,81.6728515625,65.18387603759766,167.88604736328125,63.092193603515625,0.0020353030413389206,0.0963883027434349,0.7170645594596863,0.004374382551759481,0.0034022973850369453,0.004222494084388018,0.0065008183009922504,0.6902410984039307,0.029840189963579178,0.02407526783645153,0.017503855749964714,0.7297255396842957,0.005555830895900726,0.003853237722069025,0.005824661813676357,0.6823815107345581,0.07027338445186615,0.8013654351234436,0.009234433993697166,0.004420739598572254,0.0037003227043896914,0.004813693929463625,0.18485240638256073,0.564413845539093,1.9866093198349377,0.9389526368290347,0.615632153411485,0.9884342670866764,0.02393574617346939,0.5363520408163265,615.712764620781,0.7734964588412865,0.9920519693246966,Apple___Black_rot
0.5676473379135132,0.33531323075294495,0.6827983260154724,0.23368479311466217,0.562005341053009,0.30558016896247864,46.996891021728516,17.700721740722656,72.35132598876953,59.137901306152344,174.80487060546875,58.59901428222656,0.0006395573145709932,0.6220014691352844,0.20337922871112823,0.005883927457034588,0.0037414103280752897,0.0049565695226192474,0.007866554893553257,0.7560526728630066,0.0003571025445125997,0.04939918592572212,0.009641768410801888,0.7032241821289062,0.011338005773723125,0.004463781602680683,0.005683882161974907,0.7090568542480469,0.046348389238119125,0.03238128498196602,0.7720119953155518,0.00616002082824707,0.004414132330566645,0.005171781871467829,0.17926648259162903,0.607107937335968,1.8765544070289568,0.9541514536771301,0.6405542845130976,0.9878067378844884,0.023636798469387755,0.5159638073979592,636.2985508441925,0.7825675180251741,0.973991406517358,Potato___Late_blight
0.6250039935112,0.2779187858104706,0.7498965263366699,0.168972447514534,0.5496681332588196,0.3127903938293457,40.954620361328125,11.4829740524292,83.61675262451172,68.58606719970703,192.0551300048828,41.686180114746094,0.0,0.004558545537292957,0.7030424475669861,0.08247646689414978,0.004105709958821535,0.00492081418633461,0.009418981149792671,0.7062425017356873,0.0,0.0,0.04384852573275566,0.008913274854421616,0.705345094203949,0.028414802625775337,0.007417758926749229,0.7068406343460083,0.038383133709430695,0.048769548535346985,0.7809119820594788,0.00622519152238965,0.004593991674482822,0.006125322077423334,0.19537779688835144,0.5899617075920105,1.1505655518984326,0.8920893670385801,0.524029254372142,0.9883902663074546,0.02220184948979592,0.5232780612244898,604.6416962146759,0.7774222488038277,0.9936361725304336,Potato___Early_blight
0.552327036857605,0.35468482971191406,0.6647708415985107,0.2497289925813675,0.5469664931297302,0.32261794805526733,47.37491989135742,17.001569747924805,73.5613021850586,60.5666618347168,169.7940216064453,63.58705520629883,0.007848532870411873,0.7218053936958313,0.007790823467075825,0.004039686173200607,0.0036357175558805466,0.0037222823593765497,0.007040596101433039,0.6919405460357666,0.0,0.022229516878724098,0.013740291818976402,0.7093024253845215,0.0046676150523126125,0.004317543935030699,0.00513437669724226,0.7043722867965698,0.023783225566148758,0.7743443250656128,0.027660924941301346,0.004911752883344889,0.003813071409240365,0.004588611423969269,0.17549823224544525,0.6067953705787659,2.018021471015765,0.8915660957664571,0.5231474069797062,0.9884362681380671,0.0243343431122449,0.5090481505102041,596.742201924324,0.7764613682463581,0.9931599740550741,Potato___Late_blight
0.6066690683364868,0.30110371112823486,0.7256102561950684,0.18992049992084503,0.5405899286270142,0.32702046632766724,41.366371154785156,11.162558555603027,83.45248413085938,69.68539428710938,185.49099731445312,47.88982009887695,0.0,0.009862301871180534,0.7154837846755981,0.0245390422642231,0.005281291902065277,0.004114155657589436,0.00671103410422802,0.6980642676353455,0.0,0.0,0.018709734082221985,0.015421709977090359,0.7120174169540405,0.007419879082590342,0.004742903169244528,0.7016878128051758,0.024403177201747894,0.7840004563331604,0.01865745522081852,0.005455207545310259,0.005261531565338373,0.0041640340350568295,0.18647772073745728,0.5912283062934875,1.2384258619216162,0.9408373531172446,0.6224423617957303,0.989233502213898,0.01349250637755102,0.5125757334183674,599.91377556324,0.7818363273453094,0.9938131855263671,Potato___Early_blight
0.5855392217636108,0.32834306359291077,0.7603904604911804,0.16247105598449707,0.5765962600708008,0.29923126101493835,46.374122619628906,16.422773361206055,82.41573333740234,70.20586395263672,194.45838928222656,40.522911071777344,0.0,0.15510143339633942,0.6151604056358337,0.032711490988731384,0.0041008577682077885,0.005149914417415857,0.010649513453245163,0.7722010016441345,0.0,0.0,0.026408299803733826,0.006907244212925434,0.6780114769935608,0.04215800762176514,0.007085879798978567,0.7332992553710938,0.02599293738603592,0.02404346689581871,0.7648746371269226,0.0055559901520609856,0.004516272805631161,0.0056534637697041035,0.1831202358007431,0.6165199875831604,1.1753693635576261,0.9081685009637209,0.5621230507831765,0.988736207771896,0.016163105867346938,0.5029097576530612,593.5706285238266,0.775014737364649,0.9935762300624478,Potato___Early_blight
0.5595595836639404,0.32671865820884705,0.6752951741218567,0.22824402153491974,0.5174933671951294,0.32972267270088196,43.36613082885742,13.298674583435059,81.06602478027344,63.54933166503906,172.716064453125,57.560001373291016,0.0,0.05239173769950867,0.7464935779571533,0.004908029455691576,0.005469792056828737,0.003547973232343793,0.007480310276150703,0.6632344722747803,2.943898107332643e-05,0.036710407584905624,0.008625621907413006,0.7453950047492981,0.00942047405987978,0.006270503159612417,0.005240138620138168,0.665438711643219,0.038193847984075546,0.8153053522109985,0.016318313777446747,0.006135429255664349,0.004689909052103758,0.0037262290716171265,0.17808805406093597,0.5493296980857849,1.742515842114262,0.9553395839632477,0.6488047913110897,0.9883589949469487,0.021942761479591837,0.5409757653061225,616.298551440239,0.7797077874923751,0.9937435213978972,Potato___Late_blight
0.5607576966285706,0.34744611382484436,0.6685776710510254,0.2508822977542877,0.5173771381378174,0.3516553044319153,42.816505432128906,15.210243225097656,84.2489013671875,71.53340148925781,171.0774688720703,63.17965316772461,0.015973607078194618,0.7111765742301941,0.018489597365260124,0.004008029587566853,0.004446865059435368,0.004973467439413071,0.0063484846614301205,0.7025169134140015,0.027614571154117584,0.01622467301785946,0.015453482046723366,0.696593165397644,0.004686468746513128,0.005843255203217268,0.005339014809578657,0.7165254950523376,0.0613517202436924,0.768498957157135,0.0051344456151127815,0.005003631580621004,0.0051344456151127815,0.0049055214039981365,0.1800653338432312,0.6108355522155762,2.379836391815073,0.9537507078418719,0.6460690155522113,0.9862324041009716,0.02098612882653061,0.5060985331632653,607.0853481292725,0.7840923406399597,0.9867816091954023,Apple___Black_rot
0.5551756024360657,0.3222289979457855,0.6824067831039429,0.21888692677021027,0.49903130531311035,0.33764126896858215,43.07798385620117,12.827862739562988,90.80159759521484,70.69264221191406,174.3475341796875,55.374412536621094,0.003636402077972889,0.04023503139615059,0.7684538960456848,0.0036950537469238043,0.004633480217307806,0.00504404166713357,0.007214152719825506,0.638540506362915,0.021912429481744766,0.008496656082570553,0.0036669778637588024,0.04057525843381882,0.7543838024139404,0.005664437543600798,0.006499196868389845,0.6546897292137146,0.04376651719212532,0.8313726782798767,0.008918941020965576,0.004491323605179787,0.004969124216586351,0.005255804397165775,0.17353710532188416,0.5259627103805542,1.7598835689436754,0.883787318825821,0.5060921610857061,0.9878418554458399,0.025111607142857144,0.5540896045918368,623.712762594223,0.776973647085379,0.993828608549723,Apple___Black_rot
0.5970271229743958,0.3138943910598755,0.6934669017791748,0.22723478078842163,0.5531246662139893,0.31940895318984985,41.9575080871582,12.77755355834961,70.49967956542969,58.01788330078125,177.23834228515625,57.44562911987305,0.0,0.045313701033592224,0.6999790072441101,0.004707917105406523,0.003324966412037611,0.004001729656010866,0.006414536852389574,0.7126609683036804,0.0,0.043116796761751175,0.006898687686771154,0.6065096259117126,0.1577116698026657,0.004631063435226679,0.005653091240674257,0.7780186533927917,0.04083000496029854,0.5147009491920471,0.4084138870239258,0.004553532227873802,0.004477640148252249,0.0055021848529577255,0.19982416927814484,0.7256812453269958,1.8109101329204322,0.8923970208631143,0.5281220012254104,0.9873738440495947,0.020886479591836735,0.5073341836734694,603.8132697343826,0.7738636363636363,0.989728381483591,Potato___Late_blight
0.5709168314933777,0.34056591987609863,0.7676975727081299,0.1498153656721115,0.5705930590629578,0.3028533160686493,47.331871032714844,16.333358764648438,86.19190216064453,73.37752532958984,195.89837646484375,38.34104919433594,0.0034772225189954042,0.7072787284851074,0.02559703215956688,0.00467525701969862,0.003710985416546464,0.004470714367926121,0.01060698926448822,0.7063437104225159,0.0,0.0,0.0,0.0002143773454008624,0.6457352042198181,0.13236269354820251,0.006370069459080696,0.7519744634628296,0.0,0.011660842224955559,0.7856492400169373,0.005862108431756496,0.004436190240085125,0.005133305676281452,0.18793602287769318,0.589252769947052,1.1456126805500102,0.9199272540723424,0.5832027136980709,0.9894917648361073,0.013412786989795918,0.5047831632653061,593.5706298351288,0.7758129892632817,0.9937182942295498,Tomato___healthy
0.5952692627906799,0.30418941378593445,0.6748303771018982,0.23778147995471954,0.5455014109611511,0.31529077887535095,41.167171478271484,12.499146461486816,68.04460144042969,53.8475456237793,172.87387084960938,59.40384292602539,0.0,0.03538871929049492,0.730148196220398,0.005469165276736021,0.004299290478229523,0.004562512505799532,0.005322930868715048,0.682300329208374,0.00017821266374085099,0.051325246691703796,0.010425440967082977,0.7160288095474243,0.0057028052397072315,0.005435486324131489,0.005197869148105383,0.6960392594337463,0.04365714639425278,0.07417312264442444,0.771637499332428,0.004877136554569006,0.00491100549697876,0.005351302679628134,0.1958644539117813,0.5989394783973694,1.7367344399502462,0.890910187892453,0.5217361185894089,0.9883329962000754,0.027582908163265307,0.524772799744898,610.9848428964615,0.7774066563282834,0.9928397318708104,Potato___Late_blight
0.607767641544342,0.281897634267807,0.7024694681167603,0.2005627155303955,0.5594191551208496,0.29133954644203186,42.891204833984375,12.488948822021484,67.16670989990234,51.76087951660156,179.9033966064453,50.18787384033203,0.0,0.005626197438687086,0.7428961992263794,0.0628109872341156,0.004911759402602911,0.003959176130592823,0.0070848409086465836,0.6663620471954346,0.0,0.0,0.03829674795269966,0.022115854546427727,0.7448525428771973,0.005669218022376299,0.004901511128991842,0.665719747543335,0.02000671997666359,0.04198502376675606,0.8153626918792725,0.005656180903315544,0.0047835130244493484,0.004298697225749493,0.18212902545928955,0.5475183129310608,1.3407027472831325,0.9591607236860125,0.6496087925921679,0.9883245690129017,0.013771524234693877,0.5437061543367347,618.8843370676041,0.7752381772268135,0.9933629945580232,Potato___Early_blight
0.5316587686538696,0.34470292925834656,0.6629884839057922,0.23625236749649048,0.49904927611351013,0.33916544914245605,45.77963638305664,16.816362380981445,86.44397735595703,67.14362335205078,169.39773559570312,59.957828521728516,0.019031433388590813,0.7682151198387146,0.021545572206377983,0.004092781338840723,0.002484902972355485,0.004443591460585594,0.007571646012365818,0.6394678950309753,0.019869526848196983,0.017290590330958366,0.009143498726189137,0.7621340751647949,0.005743992980569601,0.003604648634791374,0.005919829476624727,0.6467559933662415,0.051867663860321045,0.827704131603241,0.007656808011233807,0.004004606511443853,0.00394053291529417,0.004549233242869377,0.1783171147108078,0.5294409990310669,2.0006932888757105,0.9250124884811968,0.593733438246285,0.987987415011212,0.02662627551020408,0.5520966198979592,625.4701220989227,0.7745330398961684,0.992892666606384,Apple___Black_rot
0.5859708786010742,0.3297344446182251,0.72248375415802,0.19616517424583435,0.5765718221664429,0.30040958523750305,46.76494598388672,16.012773513793945,71.2704086303711,59.488258361816406,184.3625030517578,50.152469635009766,0.0,0.03956999257206917,0.6916236281394958,0.003992225043475628,0.004814153537154198,0.004608671180903912,0.007191875483840704,0.721095621585846,0.0,0.0,0.0,0.010676300153136253,0.7048934102058411,0.006010785233229399,0.005409706849604845,0.7091867923736572,0.0,0.011378837749361992,0.7779131531715393,0.004500821698457003,0.005420003551989794,0.005324915517121553,0.18570643663406372,0.6001306772232056,1.305202994875081,0.9667426682661426,0.6715698502650274,0.9897539815991738,0.013173628826530613,0.4983059630102041,588.7422027587891,0.7794942050894432,0.9941357218886189,Apple___healthy
0.5945352911949158,0.31181126832962036,0.6805729866027832,0.23591534793376923,0.5367916822433472,0.32943785190582275,41.34062194824219,13.954669952392578,75.12944793701172,61.72639846801758,173.8941192626953,59.731353759765625,0.007429767865687609,0.034476470202207565,0.7130521535873413,0.005755867343395948,0.0032597004901617765,0.0040232338942587376,0.005344734061509371,0.7001601457595825,0.023219231516122818,0.006667487323284149,0.008158898912370205,0.7138305306434631,0.006228836718946695,0.0038601241540163755,0.005556239280849695,0.6997937560081482,0.03901953250169754,0.7803906798362732,0.02301989309489727,0.00493050180375576,0.0036897133104503155,0.0048978496342897415,0.1877508908510208,0.5946642160415649,1.7567451973625645,0.9589347709887583,0.6535877413386375,0.9884931605040331,0.023856026785714284,0.5150868941326531,604.9848424196243,0.7720361990950226,0.9927270611508698,Apple___Black_rot
0.564788818359375,0.33192241191864014,0.7192152142524719,0.1889069676399231,0.538940966129303,0.31962472200393677,45.68463134765625,14.126195907592773,81.32254791259766,65.70992279052734,183.5146026611328,48.2934684753418,6.543881318066269e-05,0.2626713812351227,0.5976199507713318,0.00500606931746006,0.0036972928792238235,0.005202385596930981,0.010044857859611511,0.7574215531349182,0.0,0.0,0.0,0.010941392742097378,0.743071973323822,0.004599384497851133,0.005713521037250757,0.6690818667411804,0.0027026121970266104,0.8003865480422974,0.03405291214585304,0.00473752012476325,0.003688270691782236,0.005341633222997189,0.17093226313591003,0.5735260844230652,1.3867434485985481,0.9664982836207907,0.673138419554437,0.9890678717239267,0.013751594387755101,0.5267458545918368,610.9848420619965,0.7749052357261312,0.9931115623280262,Apple___healthy
0.5967245101928711,0.29773953557014465,0.7543299794197083,0.16242872178554535,0.5720491409301758,0.2857641875743866,45.74089050292969,15.569430351257324,76.19471740722656,60.38869094848633,193.27857971191406,39.73286056518555,0.0,0.008919422514736652,0.7351388335227966,0.05173265188932419,0.00544084794819355,0.004459711257368326,0.010346530005335808,0.6757652163505554,0.0,0.0,0.04461425170302391,0.008257334120571613,0.07742791622877121,0.6989155411720276,0.007240572944283485,0.7095144987106323,0.02795496955513954,0.038152992725372314,0.8003005981445312,0.0068747070617973804,0.005897260271012783,0.00560402637347579,0.18020854890346527,0.5698187351226807,1.3095392428749542,0.8908290009355899,0.5174609523030426,0.9861409422960509,0.02578922193877551,0.5343989158163265,617.5706287622452,0.7801553547167582,0.9903085517189667,Potato___Early_blight
0.5332136154174805,0.37001273036003113,0.6997050046920776,0.21229565143585205,0.52614825963974,0.3394678235054016,47.258628845214844,15.786375045776367,90.9013900756836,76.51406860351562,178.564208984375,54.280059814453125,0.010334119200706482,0.7290749549865723,0.004676333162933588,0.0032907528802752495,0.003406218020245433,0.0037526129744946957,0.009612462483346462,0.6842457056045532,0.0,0.0,0.0,0.6783769726753235,0.10478994250297546,0.004151596687734127,0.006030421704053879,0.7271658182144165,0.011163386516273022,0.7976603507995605,0.006261616013944149,0.003889791900292039,0.003953040577471256,0.0043641566298902035,0.18595102429389954,0.5735387206077576,1.6255652960474358,0.9634006986851888,0.6661563845368925,0.9898643877177824,0.013472576530612245,0.5141501913265306,600.0559128522873,0.7722297808012094,0.9937746824115324,Apple___healthy
0.6183746457099915,0.2952510416507721,0.7266184091567993,0.19141273200511932,0.5749263763427734,0.29974862933158875,42.91047668457031,12.518620491027832,68.30592346191406,56.30152130126953,185.5458526611328,48.64940643310547,0.0,0.010616505518555641,0.7060556411743164,0.015112566761672497,0.005192225333303213,0.003944931086152792,0.006671574432402849,0.7078540325164795,0.0,0.0,0.009360557422041893,0.01505200657993555,0.7041797041893005,0.006038137245923281,0.0052292002364993095,0.7097555994987488,0.00866891723126173,0.018585391342639923,0.7762359380722046,0.004862270783632994,0.005502043291926384,0.005118180066347122,0.18329481780529022,0.6027936339378357,1.2738686762610492,0.9636654846559826,0.6645669618513996,0.9887586275796134,0.01420998086734694,0.5033482142857143,604.1564164161682,0.7808809746954077,0.9892549718017216,Potato___Early_blight
0.5122721195220947,0.35107824206352234,0.7245725393295288,0.16988487541675568,0.5539764761924744,0.2816367745399475,52.6412239074707,18.679006576538086,98.31549072265625,75.29589080810547,184.88682556152344,43.460174560546875,0.009766725823283195,0.7953687310218811,0.011178434826433659,0.004724905826151371,0.0035724896006286144,0.0038029728457331657,0.011380108073353767,0.6057962775230408,0.0,0.0,0.0,0.010671031661331654,0.7938282489776611,0.006215308327227831,0.005307135637849569,0.6079933643341064,0.0,0.011861639097332954,0.8537315130233765,0.006559149362146854,0.004352332558482885,0.004474933724850416,0.16241556406021118,0.49451079964637756,1.4343151488208956,0.8869087528788477,0.5044680810439292,0.9878990474131462,0.014229910714285714,0.5663066007653061,632.2985506057739,0.7750330469266358,0.9936798248711249,Tomato___healthy
0.5585134625434875,0.3203955590724945,0.7512915730476379,0.15120737254619598,0.5165531039237976,0.3231176435947418,45.295440673828125,13.024341583251953,94.66558074951172,73.99918365478516,191.7295379638672,38.72553253173828,0.0,0.011606830172240734,0.7792377471923828,0.005860874429345131,0.0033039243426173925,0.004682953469455242,0.010371449403464794,0.6264815330505371,0.0,0.0,0.0,0.0009475509286858141,0.7711054682731628,0.02569872885942459,0.006833852268755436,0.6361512541770935,0.005398021545261145,0.8393296003341675,0.021246863529086113,0.005429405253380537,0.004017132334411144,0.00630815327167511,0.18089649081230164,0.5120902061462402,1.2449045029416597,0.8866992652378518,0.5052287210401157,0.987937943798495,0.013911033163265306,0.5529336734693877,621.1269813776016,0.7757325955620801,0.9941389290882778,Tomato___healthy
0.6089405417442322,0.29519733786582947,0.7287669777870178,0.18694812059402466,0.586094856262207,0.28125977516174316,45.632713317871094,15.770461082458496,66.25157165527344,53.7280158996582,186.8140869140625,46.229454040527344,0.0,0.01028883084654808,0.7144659161567688,0.04758954793214798,0.004329018294811249,0.004358668811619282,0.008835941553115845,0.697891116142273,0.0,0.0,0.03803699463605881,0.018118474632501602,0.712492823600769,0.005252587143331766,0.006373926065862179,0.7003646492958069,0.03256639465689659,0.0259876549243927,0.7862411141395569,0.009197141975164413,0.004713126458227634,0.005760487634688616,0.192092627286911,0.5857041478157043,1.525473535311389,0.886696891004218,0.511977270082698,0.986085323858757,0.026387117346938774,0.5197305484693877,634.2985506057739,0.7834806461444681,0.9758560473768126,Potato___Early_blight
0.5755524039268494,0.33894166350364685,0.7548812627792358,0.16376550495624542,0.5627837777137756,0.31327149271965027,46.27915573120117,15.404788970947266,82.51210021972656,70.4148941040039,192.61459350585938,41.8812255859375,0.0026974540669471025,0.6979662775993347,0.032046929001808167,0.0040755015797913074,0.003899580566212535,0.004808505065739155,0.010379333980381489,0.7152944803237915,0.0,0.0,0.0,0.005220756400376558,0.7082255482673645,0.0055060433223843575,0.006590134929865599,0.7059147357940674,7.332604582188651e-05,0.31093910336494446,0.6048665642738342,0.005719431675970554,0.005059496965259314,0.006562680937349796,0.20160996913909912,0.7047733068466187,1.159578217510336,0.965122130596642,0.6690291364645301,0.9896454205102245,0.013432716836734694,0.5003985969387755,594.4995605945587,0.7757038516761345,0.9928885337594886,Apple___healthy
0.5851137638092041,0.3131725788116455,0.6738449335098267,0.23480142652988434,0.5233076214790344,0.3344559967517853,40.7919921875,10.534440994262695,78.97406768798828,63.660213470458984,172.1072998046875,59.66688537597656,0.0,0.04099208861589432,0.7298176288604736,0.004929614253342152,0.003110351972281933,0.004841585643589497,0.006279389373958111,0.6823408007621765,0.0,0.029557036235928535,0.009891364723443985,0.7298246622085571,0.0049456823617219925,0.004097015131264925,0.007199040614068508,0.6828553676605225,0.03467360511422157,0.7997681498527527,0.010511036962270737,0.004037776496261358,0.003941638860851526,0.005832343827933073,0.1766366958618164,0.5725311040878296,1.7233925959055254,0.9591002979703745,0.6536652249832622,0.9884740107209494,0.01921237244897959,0.5259486607142857,615.5706299543381,0.7783952088671712,0.9890399030816991,Potato___Late_blight
0.5216755270957947,0.3609224557876587,0.6923729777336121,0.20769400894641876,0.5398176312446594,0.30929034948349,50.344329833984375,17.71758270263672,91.2998046875,72.94620513916016,176.68801879882812,53.10805892944336,0.010725672356784344,0.7649825811386108,0.005708825308829546,0.004670856986194849,0.003258066950365901,0.004036543425172567,0.009485876187682152,0.6438286304473877,0.0,0.0,0.0,0.19690659642219543,0.6666926145553589,0.005687636323273182,0.006227802485227585,0.718802809715271,0.0,0.05755475535988808,0.8110921382904053,0.0051010069437325,0.004202716052532196,0.004876434337347746,0.17038646340370178,0.5565230250358582,1.5753687890150359,0.9592650998687253,0.6628919840116897,0.9889547380861301,0.013791454081632654,0.5407366071428571,614.0559116601944,0.7788874072356216,0.99424585553582,Apple___healthy
0.5306475162506104,0.3597460687160492,0.7172011733055115,0.18881526589393616,0.5019083023071289,0.35036516189575195,45.65082931518555,13.866249084472656,97.8631820678711,80.34916687011719,182.99562072753906,48.26539993286133,0.011040937155485153,0.7511883974075317,0.007139035500586033,0.004104222636669874,0.0030926186591386795,0.004393252544105053,0.009422371163964272,0.6598550081253052,0.0,0.0,0.0,0.010911389254033566,0.7501437664031982,0.0055128224194049835,0.0055128224194049835,0.6611388325691223,0.011930867098271847,0.815515398979187,0.004622430540621281,0.004372569266706705,0.0037791491486132145,0.005340781062841415,0.16793788969516754,0.5536297559738159,1.456405952404893,0.9629300472915183,0.6681206545893317,0.9897794318076453,0.01363201530612245,0.5317881058673469,612.9848434925079,0.7777385263033942,0.9933822147020116,Apple___healthy
0.4982573390007019,0.3736925721168518,0.7007100582122803,0.19573038816452026,0.5628069043159485,0.2822364568710327,54.07148742675781,20.581300735473633,102.80291748046875,81.59520721435547,178.8377685546875,50.087223052978516,0.011132213287055492,0.7801466584205627,0.004861354362219572,0.004228515084832907,0.003969626501202583,0.0035093799233436584,0.010125423781573772,0.6253600120544434,0.0,0.0,0.0,0.011819519102573395,0.777439534664154,0.0058385576121509075,0.005155018996447325,0.6287984251976013,0.0,0.011902634054422379,0.8374089002609253,0.006259675603359938,0.0051187495701014996,0.004255346022546291,0.15979132056236267,0.5224824547767639,1.497474234457906,0.9651267910591311,0.6748034462953636,0.9894098944191121,0.014010682397959183,0.5520368303571429,622.0559116601944,0.7811013981035907,0.9943092230458344,Tomato___healthy
0.5776955485343933,0.3232137858867645,0.7709226012229919,0.1419936716556549,0.5734981298446655,0.2902764678001404,47.53388214111328,16.068565368652344,82.65280151367188,67.54517364501953,196.73809814453125,36.36919403076172,0.0,0.011924521066248417,0.7378766536712646,0.005803459323942661,0.004099956247955561,0.004071083385497332,0.010249890387058258,0.6747026443481445,0.0,0.0,0.0,0.0,0.025635479018092155,0.7298046350479126,0.006682506762444973,0.6831423044204712,0.0,0.011907015927135944,0.8015615344047546,0.006454856134951115,0.004731472115963697,0.00523282028734684,0.16901695728302002,0.5733228325843811,0.9879985009824674,0.9661244993588876,0.6709472233977538,0.9898287565259332,0.013572225765306123,0.5214644451530612,606.3990564346313,0.7755838323353293,0.9938041893654569,Tomato___healthy
0.5483452677726746,0.35097774863243103,0.6984665393829346,0.22464370727539062,0.5140958428382874,0.3471907079219818,43.783084869384766,14.803099632263184,90.6085205078125,75.66790771484375,178.64146423339844,56.44017028808594,0.014635083265602589,0.7300307154655457,0.01746862195432186,0.004264914430677891,0.0033885622397065163,0.003972797188907862,0.009026428684592247,0.6829413771629333,0.03978168964385986,0.016890717670321465,0.005550235975533724,0.020520871505141258,0.7028698325157166,0.005010212771594524,0.005070215556770563,0.7096501588821411,0.07736451178789139,0.7812753915786743,0.008194268681108952,0.005042626988142729,0.004113721661269665,0.004312772769480944,0.1972927749156952,0.5870015621185303,1.9950030055759393,0.9412916345732657,0.620493780077793,0.9874823491507114,0.023297991071428572,0.5210259885204082,607.9137760400772,0.7791191897268945,0.9912938424070417,Apple___Black_rot
0.5247177481651306,0.37757208943367004,0.7747029662132263,0.14029072225093842,0.5728214979171753,0.2945486307144165,50.46980667114258,18.709152221679688,104.64297485351562,89.6059341430664,197.68263244628906,35.91289520263672,0.011179312132298946,0.730130672454834,0.005647579673677683,0.003301661927253008,0.003938824869692326,0.00498145492747426,0.010947615839540958,0.6830675601959229,0.0,0.0,0.0,0.0,0.023870382457971573,0.7218127250671387,0.007457694970071316,0.6916364431381226,0.0,0.012089579366147518,0.7964324951171875,0.005194741301238537,0.005037324503064156,0.005446607246994972,0.17766015231609344,0.5778441429138184,1.112783271941064,0.96506383810791,0.6689976541634817,0.9900267207734594,0.01349250637755102,0.5151068239795918,603.5706300735474,0.7770910526635486,0.9937083713614385,Tomato___healthy
0.5720821022987366,0.33418914675712585,0.6531819105148315,0.26086387038230896,0.5186094045639038,0.3484386205673218,40.653717041015625,11.428051948547363,78.79466247558594,65.57128143310547,167.06668090820312,65.99424743652344,0.0,0.4447910189628601,0.40906402468681335,0.003393065882846713,0.004790210630744696,0.0054887826554477215,0.004890006501227617,0.7967051267623901,0.0,0.04850757122039795,0.020350534468889236,0.6966556906700134,0.003784067230299115,0.005571815650910139,0.004737533163279295,0.7154271006584167,0.061801303178071976,0.7688302993774414,0.0048064072616398335,0.0031176693737506866,0.0058456300757825375,0.004254319705069065,0.16666541993618011,0.614180862903595,2.1221261648851106,0.8866638702812715,0.5170422372179098,0.9880802829445533,0.028559470663265307,0.5119977678571429,611.8132688999176,0.7775365421075163,0.9856954566599473,Potato___Late_blight
0.5800317525863647,0.3232159912586212,0.7451126575469971,0.16750195622444153,0.5223615765571594,0.34084418416023254,43.08563995361328,12.13193130493164,94.16019439697266,78.9937744140625,190.14532470703125,42.861175537109375,0.0,0.010510742664337158,0.7334194779396057,0.005212176591157913,0.003945128060877323,0.003484383225440979,0.008725356310606003,0.6795986890792847,0.0,0.0,0.0,0.0069635347463190556,0.7318845987319946,0.006221518386155367,0.005565119907259941,0.6813418865203857,0.011051764711737633,0.799105703830719,0.008051999844610691,0.005273270420730114,0.0040417881682515144,0.004231247119605541,0.1788807064294815,0.5737444758415222,1.1926654969937058,0.9647647548139511,0.6687643046301374,0.9893287289648728,0.013452646683673469,0.5184351084183674,599.8132703304291,0.7779388667391567,0.9940755321407205,Apple___healthy
0.5448097586631775,0.37341368198394775,0.7533839344978333,0.16732588410377502,0.5504825115203857,0.32904112339019775,47.51247787475586,16.66724967956543,96.16171264648438,84.84078216552734,192.25428771972656,42.809200286865234,0.010359060950577259,0.7011464238166809,0.004658684134483337,0.004253581166267395,0.003935285843908787,0.0036169905215501785,0.011111395433545113,0.7128075957298279,0.0,0.0,0.0,0.006567661184817553,0.6992846131324768,0.006196445785462856,0.005968005396425724,0.7147614359855652,0.005591885186731815,0.7703061699867249,0.01415545865893364,0.005368209909647703,0.004633276257663965,0.004217879381030798,0.19082708656787872,0.6082053780555725,1.2643093423498222,0.9658450791073477,0.6702721483622116,0.9900707857056346,0.013193558673469387,0.49453922193877553,587.9137758016586,0.7776564083080041,0.99360828495722,Tomato___healthy
0.5580976605415344,0.35239744186401367,0.6904983520507812,0.2362811118364334,0.5323649048805237,0.3404025733470917,44.93714141845703,17.72784423828125,82.11788177490234,69.72178649902344,176.7401885986328,59.07881546020508,0.014451375231146812,0.7097781300544739,0.013548164628446102,0.0037293871864676476,0.004079017322510481,0.004428647458553314,0.007837540470063686,0.7040675282478333,0.046103980392217636,0.01165265403687954,0.005809439346194267,0.4335463047027588,0.3608269691467285,0.006045870017260313,0.00645117973908782,0.824298620223999,0.06765270233154297,0.7606294751167297,0.010194242000579834,0.004402059130370617,0.005361906718462706,0.0046006483025848866,0.19140683114528656,0.6164868474006653,1.7800897157235096,0.942817944948931,0.6265524829796251,0.988903969260394,0.02321827168367347,0.5058992346938775,595.5706275701523,0.7785402273924223,0.9935556565916145,Apple___Black_rot
0.5601513385772705,0.3365299105644226,0.7261956930160522,0.18262088298797607,0.5254424214363098,0.3326670527458191,45.03788757324219,13.596525192260742,88.99507904052734,72.98453521728516,185.30020141601562,46.6961784362793,0.0007410758407786489,0.7250686287879944,0.053387101739645004,0.0037646652199327946,0.004090738482773304,0.0044464548118412495,0.009367198683321476,0.686502993106842,0.0,0.0,0.0,0.0109479995444417,0.7417483925819397,0.005545462016016245,0.005488292314112186,0.6705434918403625,0.008550801314413548,0.8070446848869324,0.011883098632097244,0.003898159135133028,0.004558331333100796,0.004998445976525545,0.1717076301574707,0.5647301077842712,1.3610083393061843,0.9657017235493746,0.671821377234074,0.9892669197150279,0.013612085459183673,0.5260283801020408,609.4701235294342,0.7746783660401968,0.9937635471726813,Tomato___healthy
0.6184005737304688,0.2894802689552307,0.7130610346794128,0.2028203159570694,0.547936201095581,0.31959831714630127,40.26833724975586,11.062902450561523,77.90991973876953,64.61009216308594,182.76596069335938,50.50651550292969,0.0,0.007999013178050518,0.7014747858047485,0.05623098090291023,0.005322763230651617,0.004192790947854519,0.006452735513448715,0.710365891456604,0.0,0.0,0.044710416346788406,0.02385745383799076,0.6971909403800964,0.007555852178484201,0.004253885243088007,0.7150394320487976,0.027715405449271202,0.6289524435997009,0.3044949173927307,0.0064419591799378395,0.006479412317276001,0.004719109740108252,0.22063709795475006,0.6798139214515686,1.3571710905249315,0.930302924041747,0.5968650126909785,0.9885053259268015,0.013651945153061224,0.5132932079081632,615.227484703064,0.7821091065292096,0.9854066800680378,Potato___Early_blight
0.525770366191864,0.3529238700866699,0.7523343563079834,0.1517547369003296,0.5091094374656677,0.33303454518318176,47.246212005615234,14.799643516540527,99.0881118774414,78.73758697509766,191.99217224121094,38.8603630065918,0.00894214492291212,0.7714843153953552,0.011749226599931717,0.003819945501163602,0.0036463115829974413,0.005209016613662243,0.011257263831794262,0.6359341144561768,0.0,0.0,0.0,0.0012328801676630974,0.7667080760002136,0.021704424172639847,0.007397281005978584,0.641585111618042,0.00932838674634695,0.8330655097961426,0.012042666785418987,0.004243012052029371,0.004617395345121622,0.005990134552121162,0.17003247141838074,0.5261023044586182,1.1978394774678762,0.9652179201431581,0.674505681263178,0.9891740415870882,0.013871173469387755,0.5477519132653061,620.6416968107224,0.7761649461016369,0.993611273364486,Tomato___healthy
0.5662316083908081,0.34770312905311584,0.6609888076782227,0.259282648563385,0.5496267676353455,0.3265611529350281,45.264068603515625,16.563499450683594,68.83031463623047,57.51286315917969,169.15838623046875,65.38883209228516,0.004561328794807196,0.6975908875465393,0.03181234374642372,0.00368415005505085,0.0032455609180033207,0.004619807470589876,0.005877096671611071,0.7157192826271057,0.0,0.048356421291828156,0.018706142902374268,0.679785430431366,0.0040743108838796616,0.004639361519366503,0.00511519331485033,0.7315321564674377,0.049997005611658096,0.7507466077804565,0.027307070791721344,0.004617137834429741,0.003199016908183694,0.005573544651269913,0.18049710988998413,0.6328446865081787,2.05181501146931,0.8933737210890047,0.5320748897049108,0.9886299289798084,0.019989636479591837,0.5000797193877551,611.570629119873,0.7814585169331487,0.981344242208652,Potato___Late_blight
0.5394853353500366,0.34851694107055664,0.7181522846221924,0.18629056215286255,0.541327953338623,0.311115562915802,48.59016418457031,16.31180191040039,88.29833221435547,70.87788391113281,183.25181579589844,47.637535095214844,0.005832799710333347,0.7564448118209839,0.012329730205237865,0.0030319008510559797,0.0038981582038104534,0.004937666933983564,0.008547072298824787,0.6538221836090088,0.0,0.0,0.0,0.010706095956265926,0.7559930682182312,0.005110376048833132,0.006252359598875046,0.6544421911239624,0.0,0.17799682915210724,0.7533172965049744,0.0039940751157701015,0.0051054698415100574,0.005939016118645668,0.19359108805656433,0.6027233004570007,1.3928004292192266,0.962562010212384,0.6681553338317718,0.988995103682652,0.013671875,0.5354751275510204,612.0559122562408,0.7761683878872746,0.9937251386632304,Tomato___healthy
0.5623815655708313,0.34470275044441223,0.769814133644104,0.14616896212100983,0.5845379829406738,0.2859257459640503,49.185585021972656,17.76607894897461,89.38883209228516,75.60749053955078,196.44993591308594,37.424957275390625,0.005187524948269129,0.7189385294914246,0.018972352147102356,0.004575513768941164,0.004080075770616531,0.004662944003939629,0.011220208369195461,0.6946620345115662,0.0,0.0,0.0,0.0,0.15594317018985748,0.6411031484603882,0.00713060237467289,0.7514104843139648,0.0,0.011535032652318478,0.7853538990020752,0.006080968305468559,0.004983886145055294,0.00570482574403286,0.16177256405353546,0.5973454117774963,1.1023638298147387,0.9226278876940986,0.5886406518623749,0.9889669072377454,0.013372927295918368,0.5105827487244898,597.5706284046173,0.7781817623956799,0.9939257372391496,Tomato___healthy
0.5399879813194275,0.3257487416267395,0.7217931747436523,0.1711921989917755,0.5342457890510559,0.29713496565818787,48.77616882324219,15.538254737854004,85.40621185302734,63.712059020996094,184.20037841796875,43.81999206542969,0.0,0.03567097708582878,0.790876567363739,0.004892020020633936,0.0049793776124715805,0.004105802625417709,0.00975492037832737,0.6108036041259766,0.0,0.0,0.0,0.011016315780580044,0.7966669797897339,0.00706974882632494,0.005621728021651506,0.6042506098747253,0.0,0.012072823941707611,0.8598430752754211,0.005406659096479416,0.005130182020366192,0.0049458639696240425,0.17436474561691284,0.479625940322876,1.2531195194023041,0.9622409252180076,0.6739804430067542,0.9885522170738374,0.014150191326530613,0.5683195153061225,632.2985513210297,0.7783932754581783,0.9933702629033676,Tomato___healthy
0.5790642499923706,0.3300671875476837,0.7115325927734375,0.21549034118652344,0.5228561162948608,0.34695154428482056,47.59185791015625,26.658945083618164,91.43086242675781,75.924072265625,182.53904724121094,55.61649703979492,0.02015792205929756,0.22735491394996643,0.5948899984359741,0.004989911802113056,0.004229858983308077,0.0049568661488592625,0.03149262070655823,0.7700325846672058,0.02674316056072712,0.01908489316701889,0.003920304123312235,0.035252347588539124,0.6932252645492554,0.0052878521382808685,0.022610127925872803,0.7187224626541138,0.06400077790021896,0.8048718571662903,0.012965675443410873,0.004689712077379227,0.004379363730549812,0.005793173797428608,0.4016255736351013,0.43190181255340576,2.667079342357006,0.7376931855964493,0.3535178096595152,0.9808609250500097,0.02236128826530612,0.507453762755102,617.9554042816162,0.774829721362229,0.9838043948268407,Apple___Black_rot
0.6463446617126465,0.33915650844573975,0.7909458875656128,0.2118007391691208,0.5946345329284668,0.3607746958732605,42.284976959228516,14.330101013183594,81.11503601074219,70.85267639160156,201.64962768554688,53.34016036987305,0.0,0.03418506681919098,0.7139711380004883,0.006574050989001989,0.003885994665324688,0.00438270065933466,0.0037691225297749043,0.699274480342865,0.0,0.032988302409648895,0.0036488857585936785,0.004064206033945084,0.6987468004226685,0.02922075241804123,0.005873816087841988,0.7139652967453003,0.012616644613444805,0.3276011347770691,0.5145931243896484,0.004747842904180288,0.004847447853535414,0.003818195080384612,0.005478280130773783,0.79222571849823,1.5797463771498692,0.9645627738516223,0.6611237110789896,0.9886144117833084,0.020169005102040817,0.5113201530612245,602.1564152240753,0.7776228016979988,0.9934919036181917,Apple___Black_rot
0.521217942237854,0.35749325156211853,0.710551381111145,0.18963734805583954,0.5094590187072754,0.3334106504917145,48.9292106628418,19.42885971069336,96.22616577148438,75.35399627685547,181.49539184570312,49.22820281982422,0.008916309103369713,0.7716977596282959,0.011189093813300133,0.006410418078303337,0.005711099598556757,0.0065561095252633095,0.016026044264435768,0.6355347037315369,0.0,0.0,0.0,0.016998158767819405,0.7674524784088135,0.008988856337964535,0.011437743902206421,0.6407153606414795,0.008466653525829315,0.8585381507873535,0.014986949972808361,0.007396157365292311,0.006714932154864073,0.007947624661028385,0.3439537584781647,0.3796693980693817,1.5591342801196781,0.8196983684642232,0.4610760460476414,0.9884302525720761,0.015425701530612245,0.5435666454081632,623.0264731645584,0.7684046000745648,0.9929402608953454,Tomato___healthy
0.57536780834198,0.2992136478424072,0.6811244487762451,0.21747691929340363,0.5040298104286194,0.3268970251083374,41.06080627441406,10.59689712524414,87.49037170410156,66.70951080322266,173.618896484375,55.00872039794922,0.014463134109973907,0.034972332417964935,0.778075098991394,0.009039458818733692,0.006816640961915255,0.006105339154601097,0.010817713104188442,0.6268049478530884,0.028544167056679726,0.008879083208739758,0.005184431094676256,0.02845478057861328,0.7704541683197021,0.008312967605888844,0.009177039377391338,0.6360164880752563,0.045569419860839844,0.8536344766616821,0.020057078450918198,0.0067619141191244125,0.0067619141191244125,0.007611236535012722,0.23839831352233887,0.46026748418807983,1.4256921397905211,0.9446083595997705,0.6383203539019815,0.9895372740203494,0.021603954081632654,0.5618622448979592,646.1980459690094,0.7800815391918684,0.9845804109540761,Apple___Black_rot
0.5176806449890137,0.3319946229457855,0.7002345323562622,0.18724104762077332,0.4799990653991699,0.33124735951423645,46.229671478271484,13.251421928405762,100.09741973876953,73.72624969482422,178.33163452148438,47.52145767211914,0.00032128821476362646,0.8153126239776611,0.032041195780038834,0.008265869691967964,0.007418836932629347,0.007798540871590376,0.01664857007563114,0.5777345895767212,0.007961917668581009,0.0029712955001741648,0.002221259754151106,0.01485647726804018,0.8117694854736328,0.011077451519668102,0.013125625438988209,0.5834701061248779,0.021061543375253677,0.884837806224823,0.015084618702530861,0.00781111279502511,0.008443591184914112,0.00970854889601469,0.24413681030273438,0.39567872881889343,1.0151716724288498,0.9438771424689932,0.6518191288455166,0.9918874380486518,0.017777423469387755,0.5830476721938775,641.0264735221863,0.7734579789225914,0.9935575865860363,Apple___Black_rot
0.5220245718955994,0.309636652469635,0.6977388262748718,0.21153464913368225,0.47568240761756897,0.3361009955406189,43.802696228027344,17.965408325195312,99.71444702148438,63.7905387878418,178.11837768554688,52.911598205566406,0.0,0.05212005227804184,0.9111109375953674,0.010150722227990627,0.005716752726584673,0.007836134172976017,0.003708917647600174,0.4085944592952728,0.007453066762536764,0.039467375725507736,0.007453066762536764,0.017983347177505493,0.9080601930618286,0.010981980711221695,0.008921095170080662,0.416214257478714,0.04009893536567688,0.05223792418837547,0.9065120816230774,0.007421466987580061,0.0068173944018781185,0.0069036902859807014,0.006558505818247795,0.41678154468536377,1.7823638046785037,0.9304395550659723,0.6419463298337024,0.985179448236192,0.02600845025510204,0.6963488520408163,709.0681025981903,0.7915362665684831,0.9858840052164691,Apple___Black_rot
0.6199870705604553,0.33768782019615173,0.7109462022781372,0.25963765382766724,0.6053338050842285,0.3156324326992035,46.57902145385742,16.873580932617188,58.008609771728516,45.11244583129883,181.4275360107422,65.4779052734375,0.0,0.02601420320570469,0.739538311958313,0.007553451228886843,0.005074519198387861,0.006328567396849394,0.006328567396849394,0.6724904775619507,0.0,0.04604160413146019,0.0123981311917305,0.7148786187171936,0.02512728050351143,0.00686110183596611,0.0075231376104056835,0.6970939636230469,0.02454187721014023,0.04205462336540222,0.7216272950172424,0.008230690844357014,0.00609792023897171,0.006398310419172049,0.007870222441852093,0.6904167532920837,1.6114036290982847,0.9428840602527193,0.6302194834935498,0.9905713879858953,0.02947624362244898,0.5269650829081632,624.6416962146759,0.7672896922038672,0.9876683096330708,Potato___Late_blight
0.5203317403793335,0.32407742738723755,0.7286965250968933,0.1841743439435959,0.5352504253387451,0.3112456798553467,48.2700080871582,22.54137420654297,88.56915283203125,59.221473693847656,185.506591796875,47.16667938232422,0.0,0.01724875532090664,0.9045313596725464,0.008692934177815914,0.007431499194353819,0.005950683727860451,0.006279753986746073,0.42581668496131897,0.0,0.0,0.0,0.0055127935484051704,0.9045845866203308,0.011025587096810341,0.008782636374235153,0.4260254502296448,0.0,0.006345235276967287,0.9073686003684998,0.010048891417682171,0.008169830776751041,0.005691648460924625,0.008850649930536747,0.4199565351009369,1.190212222567745,0.9599526055550289,0.7131529016382724,0.9890789779550648,0.015824298469387755,0.6786112882653061,690.7249542474747,0.7753175459953603,0.9945199021832003,Apple___healthy
0.5585160255432129,0.3309735953807831,0.655842661857605,0.2504066228866577,0.509710967540741,0.34018638730049133,44.09648132324219,20.65587615966797,82.59203338623047,64.94141387939453,168.07928466796875,63.72512435913086,0.0036544748581945896,0.31421777606010437,0.5786139965057373,0.007074258755892515,0.005867276340723038,0.006236076354980469,0.014182045124471188,0.7524194717407227,0.030747758224606514,0.022993190214037895,0.016561109572649002,0.7312736511230469,0.009257389232516289,0.005981235299259424,0.010670042596757412,0.6806285381317139,0.07005499303340912,0.8317835330963135,0.013758363202214241,0.0066914125345647335,0.006145174615085125,0.006930391304194927,0.37226101756095886,0.405376672744751,1.8193561783437673,0.7953490381020262,0.40821581052535433,0.9889415949061386,0.02353714923469388,0.5346978635204082,620.1980446577072,0.7713195170091722,0.990975368723313,Apple___Black_rot
0.6058757305145264,0.28433752059936523,0.7385185360908508,0.1664976328611374,0.5170343518257141,0.329216867685318,41.04466247558594,9.87093734741211,93.7275619506836,74.98918151855469,188.0474090576172,42.403621673583984,0.0,0.0026712403632700443,0.7592487335205078,0.027358198538422585,0.008923704735934734,0.008923704735934734,0.01585131697356701,0.6499040126800537,0.0,0.0,0.007028751075267792,0.007173375692218542,0.7583820223808289,0.014086427167057991,0.013218680396676064,0.6514466404914856,0.012379520572721958,0.8437620401382446,0.017494216561317444,0.009219485335052013,0.008926285430788994,0.010196815244853497,0.2689613699913025,0.4636782109737396,0.7969009666320028,0.9163117141684931,0.5747835321582991,0.9919369401230721,0.014768016581632654,0.5380261479591837,616.0559105873108,0.7746918056562727,0.9938783864245311,Potato___Early_blight
0.5112687945365906,0.36307188868522644,0.7380655407905579,0.16318020224571228,0.5261871218681335,0.3154592514038086,50.74581527709961,20.419055938720703,103.31719970703125,81.03474426269531,188.49627685546875,42.47321319580078,0.009925248101353645,0.778290331363678,0.009315802715718746,0.005310878157615662,0.005078708752989769,0.007023128680884838,0.013698002323508263,0.6275252103805542,0.0,0.0,0.0,0.004447106271982193,0.7748006582260132,0.01632518321275711,0.012164986692368984,0.6318620443344116,0.0007523958338424563,0.7627036571502686,0.267777681350708,0.00835159420967102,0.007712057791650295,0.00996924564242363,0.3867690861225128,0.443574994802475,1.242896813227694,0.8189601286549801,0.4506168959758809,0.9895153120294051,0.01407047193877551,0.549186862244898,626.0559124946594,0.7734268707482993,0.9935008192244675,Tomato___healthy
0.5138936042785645,0.35171690583229065,0.705382764339447,0.18674778938293457,0.5205948352813721,0.31201109290122986,49.683753967285156,16.48196792602539,95.0759506225586,73.12229919433594,179.5326385498047,47.790679931640625,0.00801237765699625,0.7919189929962158,0.0117863230407238,0.007634982466697693,0.006241525989025831,0.007576921954751015,0.013266870751976967,0.6101889610290527,0.0,0.0,0.0,0.012699810788035393,0.7902550101280212,0.010893742553889751,0.012155123054981232,0.6124290227890015,3.315404319437221e-05,0.8484451174736023,0.07708314806222916,0.009647826664149761,0.008023278787732124,0.009680980816483498,0.25173863768577576,0.4588851034641266,1.0260313129303673,0.891174168240547,0.5045524353170572,0.9923057364529742,0.01385124362244898,0.5595304528061225,631.2691130638123,0.7728397120542538,0.9934617171031477,Apple___healthy
0.5780607461929321,0.3364710509777069,0.7324336171150208,0.1951729953289032,0.5651659965515137,0.31188610196113586,46.25368881225586,17.231853485107422,78.30791473388672,66.59196472167969,186.65847778320312,49.28413772583008,0.00534926587715745,0.6608330011367798,0.0936274379491806,0.006663656793534756,0.005685505457222462,0.006449686363339424,0.010637396946549416,0.7444955110549927,0.017624003812670708,0.008841374889016151,0.0029079606756567955,0.013570482842624187,0.6899503469467163,0.00851826835423708,0.009076361544430256,0.7233478426933289,0.030874308198690414,0.038372356444597244,0.7741647958755493,0.007769469171762466,0.006989129353314638,0.007498046383261681,0.26334768533706665,0.5733460783958435,1.3487907135244466,0.9115033172976033,0.5732955169090768,0.9899116286284015,0.018255739795918366,0.49794722576530615,599.0853472948074,0.7670100214079613,0.9899489438382221,Apple___Black_rot
0.4582345187664032,0.38126108050346375,0.6937044858932495,0.17939244210720062,0.3980686068534851,0.39441853761672974,44.9873046875,12.584808349609375,136.88905334472656,107.39889526367188,176.5234375,45.947486877441406,0.6422232985496521,0.3081601858139038,0.0072121876291930676,0.005553046241402626,0.005857786163687706,0.007753948215395212,0.020790062844753265,0.7014106512069702,0.0,0.0,0.0,0.013310256414115429,0.793902575969696,0.007483449298888445,0.010711044073104858,0.6077588796615601,0.7962952852249146,0.00775982765480876,0.005306352861225605,0.004336374346166849,0.005220766644924879,0.007274838630110025,0.6047530770301819,0.0005135179962962866,1.217258164250236,0.9636279770993113,0.6788395531520102,0.9913220112703198,0.013990752551020409,0.5641940369897959,634.0975412130356,0.7711496149614961,0.9929000159351263,Apple___healthy
0.6586388349533081,0.3011307120323181,0.7754007577896118,0.19860617816448212,0.6492344737052917,0.27810028195381165,48.080814361572266,15.441295623779297,54.117366790771484,39.78691482543945,197.42872619628906,50.78438949584961,0.0,0.0,0.018661580979824066,0.7734476327896118,0.006854098755866289,0.0058173444122076035,0.006738903932273388,0.6334857940673828,0.0,0.0,0.0,0.0007377457222901285,0.7775556445121765,0.00916507188230753,0.007576080970466137,0.6287012100219727,0.0,0.0,0.016214484348893166,0.7760776281356812,0.006998436525464058,0.006249632686376572,0.009244848042726517,0.6302912831306458,0.9563603032004893,0.9669860329671014,0.6780375574852494,0.9913133602343419,0.013930963010204082,0.5509606186224489,621.4701240062714,0.7760204081632653,0.9936486045076761,Apple___healthy
0.4370529055595398,0.32395485043525696,0.643372654914856,0.1396966576576233,0.44997796416282654,0.27985286712646484,55.23891830444336,27.639768600463867,108.93018341064453,84.97693634033203,164.8464813232422,36.96400451660156,0.2067985087633133,0.675498366355896,0.005373504478484392,0.0043639373034238815,0.006024838425219059,0.028854092583060265,0.7071206569671631,3.256669515394606e-05,0.0,0.0,9.60739198490046e-05,0.19583067297935486,0.677993655204773,0.024883145466446877,0.7080647945404053,0.0,0.010060516186058521,0.8543724417686462,0.010896213352680206,0.004853475838899612,0.006717724725604057,0.30673322081565857,0.41913458704948425,0.0,1.5056446116522988,0.7370836106198458,0.3577977127835112,0.9832475909497318,0.013592155612244899,0.5428491709183674,618.8843377828598,0.7764104778353483,0.9931330314076365,Tomato___healthy
0.4604029059410095,0.3694186806678772,0.7375611066818237,0.14921404421329498,0.5250865817070007,0.2865327000617981,58.18782043457031,25.486757278442383,119.97879791259766,85.77384948730469,188.65023803710938,39.325008392333984,0.06361864507198334,0.8253327012062073,0.007888591848313808,0.006808784790337086,0.0048291380517184734,0.008578469045460224,0.02777504175901413,0.5601800084114075,0.0,0.0,0.0,0.0014510850887745619,0.6853170990943909,0.3302399516105652,0.027773093432188034,0.6484662890434265,0.0,0.03760385513305664,0.8985557556152344,0.01036153081804514,0.0053224884904921055,0.010581988841295242,0.3023425340652466,0.31547555327415466,1.4455970332415982,0.7242030821340639,0.34286503138530017,0.9865261318517771,0.014768016581632654,0.5981146364795918,660.0975406169891,0.7748325383793364,0.9927368051961063,Tomato___healthy
0.5057998895645142,0.3177739083766937,0.6666308045387268,0.21004188060760498,0.4456293284893036,0.33420059084892273,44.62799072265625,12.94318962097168,106.66419982910156,74.22259521484375,169.92520141601562,53.081451416015625,0.017772480845451355,0.06720031797885895,0.8379095792770386,0.008856319822371006,0.006402879953384399,0.008198079653084278,0.013912799768149853,0.5410134196281433,0.027628088369965553,0.025046302005648613,0.006677035707980394,0.02558046579360962,0.8372705578804016,0.008665308356285095,0.013502449728548527,0.5446383953094482,0.06568864732980728,0.9014100432395935,0.011911794543266296,0.008594186045229435,0.005813714116811752,0.010458366014063358,0.20793506503105164,0.3735627233982086,1.705575940346681,0.9349779352463368,0.6379375345545719,0.9871714794337517,0.02491230867346939,0.6176259566326531,672.340180516243,0.7784586648926644,0.9856802682519884,Apple___Black_rot
0.592430830001831,0.29022523760795593,0.7327257990837097,0.1755279302597046,0.5539892315864563,0.29120174050331116,44.655235290527344,14.477222442626953,77.0879898071289,59.58820343017578,187.61953735351562,42.650115966796875,0.0,0.007738814223557711,0.7562658190727234,0.06516262143850327,0.008401281200349331,0.0075882538221776485,0.015056058764457703,0.6506927609443665,0.0,0.0,0.05130603164434433,0.011931635439395905,0.7533634901046753,0.012766850180923939,0.012080781161785126,0.6552556157112122,0.04168654605746269,0.03849023953080177,0.8371291160583496,0.011876796372234821,0.008815072476863861,0.00982443243265152,0.2662353813648224,0.4741297960281372,1.0951754940348108,0.9380567723204635,0.6233917632341318,0.9893037603577693,0.030572385204081634,0.5505620216836735,632.9848418235779,0.7738071065989848,0.9857005616316878,Potato___Early_blight
0.5488367080688477,0.24901147186756134,0.6258705854415894,0.17867347598075867,0.48521408438682556,0.27929335832595825,39.75187301635742,10.174790382385254,75.5158462524414,63.634117126464844,159.39108276367188,45.3489875793457,0.00034901342587545514,0.028270086273550987,0.703436553478241,0.005787805654108524,0.005089778918772936,0.006282241549342871,0.7101259827613831,0.0,0.013030227273702621,0.004102643579244614,0.006442883983254433,0.7057124972343445,0.004940507467836142,0.007165180519223213,0.7082838416099548,0.0,0.02161598391830921,0.7126510739326477,0.009734544903039932,0.004470244515687227,0.005470167379826307,0.02093956619501114,0.7007696032524109,0.0,1.1756917582583322,0.9706695593996829,0.6734234129902212,0.9867592179495426,0.017338966836734693,0.5038265306122449,592.9848428964615,0.7746863743634331,0.9937462656841267,Apple___Black_rot
0.6085886359214783,0.3782103657722473,0.729828953742981,0.25322866439819336,0.5807385444641113,0.35910049080848694,44.41701126098633,14.45722484588623,75.02813720703125,66.16838836669922,185.61061096191406,64.66316223144531,0.010181009769439697,0.6580556035041809,0.008656734600663185,0.0031348306220024824,0.004659106023609638,0.0029622712172567844,0.002588392235338688,0.7528195381164551,0.0,0.0,0.010179185308516026,0.6609894037246704,0.004146016668528318,0.005461304914206266,0.0036313387099653482,0.7502860426902771,0.010236022993922234,0.6614311337471008,0.005290528759360313,0.004082908388227224,0.003795379539951682,0.0034215920604765415,0.004571706987917423,0.7498749494552612,1.9195457010927788,0.9510966125305813,0.6434595406195271,0.9894006404295262,0.012814891581632654,0.46992586096938777,572.8427075147629,0.7805767429412552,0.9939721825810987,Apple___healthy
0.6249811053276062,0.2827181816101074,0.7262487411499023,0.19233451783657074,0.5290838479995728,0.33640256524086,44.19495391845703,25.53618621826172,90.84315490722656,73.90193176269531,187.0225372314453,48.616336822509766,0.0,0.005668828263878822,0.6756554245948792,0.12756429612636566,0.005167716648429632,0.005199036095291376,0.02668420970439911,0.7255473732948303,0.0,0.000603337655775249,0.049564190208911896,0.021478822454810143,0.7064782381057739,0.00790372397750616,0.022353660315275192,0.7052716016769409,0.048978619277477264,0.8078697323799133,0.03867645934224129,0.004717487376183271,0.005827484652400017,0.005896859336644411,0.405669242143631,0.422839492559433,1.8785403045219384,0.7366809262623044,0.3448975005410845,0.983027961778399,0.02206234056122449,0.5155452806122449,647.6122591495514,0.7898635718254213,0.9732813539982885,Potato___Early_blight
0.5020836591720581,0.3235290050506592,0.6319738626480103,0.21800202131271362,0.5240882635116577,0.27540314197540283,53.2529296875,18.572431564331055,77.98479461669922,56.12729263305664,160.75765991210938,55.714691162109375,0.00011555192031664774,0.8241740465164185,0.019470497965812683,0.005777596030384302,0.006557571701705456,0.007221994921565056,0.02065490558743477,0.5655111074447632,0.0,0.0043962933123111725,0.00887822825461626,0.8189666271209717,0.007565049920231104,0.00825018621981144,0.010790901258587837,0.573544979095459,0.00330032454803586,0.020634202286601067,0.8128842711448669,0.005825790110975504,0.00746160326525569,0.007949477061629295,0.5819189548492432,0.0,1.1851545645254418,0.959258981023978,0.6732356439566898,0.991449211777709,0.015625,0.5828085140306123,641.369616985321,0.7755274148639966,0.993023893592952,Potato___Late_blight
0.6271147131919861,0.3201051950454712,0.7912534475326538,0.1751209795475006,0.6009160876274109,0.31094884872436523,46.205814361572266,13.758010864257812,74.46410369873047,57.82164764404297,201.43307495117188,44.77260208129883,0.0,0.006224069278687239,0.7710642218589783,0.013110886327922344,0.006166439037770033,0.005763026885688305,0.0070020779967308044,0.6364974975585938,0.0,0.0,0.0,0.0,0.042389728128910065,0.7597007155418396,0.007879023440182209,0.6488419771194458,0.0,0.011159451678395271,0.7714187502861023,0.012720618396997452,0.005724278278648853,0.005550815258175135,0.008037117309868336,0.6360020041465759,0.9627366038212821,0.9636650422340428,0.6729966609942571,0.9912746957468395,0.014010682397959183,0.5496253188775511,621.1269793510437,0.7738864331859912,0.994175888177053,Tomato___healthy
0.5024099349975586,0.3125423192977905,0.6156858205795288,0.23216204345226288,0.4889448881149292,0.29421570897102356,49.31809997558594,15.097103118896484,71.27694702148438,45.55971908569336,156.90695190429688,58.92416000366211,0.0,0.05190896987915039,0.8587259650230408,0.004716366995126009,0.009432733990252018,0.005063584074378014,0.012470884248614311,0.5095123052597046,0.0,0.02718661166727543,0.019139833748340607,0.8576140403747559,0.006811022292822599,0.008707762695848942,0.009512440301477909,0.5130107998847961,0.017812442034482956,0.040247488766908646,0.9120093584060669,0.005793666001409292,0.009522568434476852,0.0073653520084917545,0.19639912247657776,0.35714253783226013,1.3959427732237306,0.8769926047179861,0.46092384959665056,0.9903244709982748,0.020966198979591837,0.6283482142857143,670.4406858682632,0.7801948051948052,0.9920292156240076,Potato___Late_blight
0.6916602253913879,0.28726324439048767,0.8557385802268982,0.12091850489377975,0.6533380746841431,0.29152169823646545,43.53912353515625,13.245094299316406,69.11834716796875,61.46952819824219,217.81124877929688,30.893259048461914,0.0,0.0,0.014602292329072952,0.6764959096908569,0.007243429776281118,0.0059159486554563046,0.007532012183219194,0.7362037301063538,0.0,0.0,0.0,0.0,2.839774424501229e-05,0.6797568202018738,0.011756666004657745,0.7333433628082275,0.0,0.00028921503690071404,0.6792504191398621,0.015617611818015575,0.006275966297835112,0.006796553265303373,0.009312724694609642,0.7336228489875793,0.62450479366021,0.9407865405880973,0.6241867484980486,0.9914071704064176,0.012794961734693877,0.48244180484693877,583.3279895782471,0.7759100919808265,0.9935098596222033,Tomato___healthy
0.5525878667831421,0.3039792478084564,0.7357650995254517,0.1580813080072403,0.49052736163139343,0.3228318691253662,45.66864776611328,17.41594886779785,101.85608673095703,74.08567810058594,188.30072021484375,40.1670036315918,0.0,0.016778355464339256,0.8119316101074219,0.028834132477641106,0.008418510667979717,0.0067465417087078094,0.01663169264793396,0.5824612379074097,0.0,3.257064236095175e-05,0.021854901686310768,0.005765003617852926,0.7210162878036499,0.21118804812431335,0.015015065670013428,0.6593926548957825,0.0195512305945158,0.884596049785614,0.03916719928383827,0.008092396892607212,0.008092396892607212,0.008869266137480736,0.31521502137184143,0.34059277176856995,1.2595603887355176,0.7900110170871503,0.3885898132478898,0.986969010190109,0.01873405612244898,0.5839046556122449,636.7838318347931,0.779074164100902,0.9939698838771924,Potato___Early_blight
0.6151667833328247,0.26765456795692444,0.7216725945472717,0.1791221797466278,0.5419909358024597,0.29794228076934814,41.30656051635742,10.824353218078613,79.02640533447266,60.14033889770508,184.37571716308594,44.52219009399414,0.0,0.0,0.7220594882965088,0.14800921082496643,0.012539933435618877,0.011621605604887009,0.019348230212926865,0.6753197312355042,0.0,0.0,0.029618142172694206,0.017148904502391815,0.7666952610015869,0.015549524687230587,0.01640845090150833,0.6406996846199036,0.01808980479836464,0.044858723878860474,0.8458978533744812,0.013766872696578503,0.010674314573407173,0.012835780158638954,0.2594091296195984,0.46298593282699585,0.9531582830728269,0.9370707297217226,0.6276673971615756,0.9903497241550766,0.01829559948979592,0.5522959183673469,620.8843377828598,0.7681465517241379,0.9931268924265785,Potato___Early_blight
0.5714387893676758,0.3314618468284607,0.7561213374137878,0.15690074861049652,0.5504062175750732,0.3143203556537628,46.00259017944336,14.496886253356934,84.29398345947266,69.81932067871094,192.4011688232422,40.10051727294922,0.0,0.5226598381996155,0.3336026966571808,0.009370861575007439,0.007496689446270466,0.00813256949186325,0.013688151724636555,0.7843076586723328,0.0,0.0,0.0,0.0019826707430183887,0.7299676537513733,0.014711991883814335,0.011896024458110332,0.6832168698310852,0.00010650731564965099,0.7716454863548279,0.13750094175338745,0.010437716729938984,0.00798804871737957,0.009479151107370853,0.30159321427345276,0.5426192879676819,0.7294011443811167,0.9541578881951889,0.6556029503429113,0.9933976247754224,0.013333067602040817,0.5155851403061225,604.0559104681015,0.7710591281310212,0.993001705955335,Tomato___healthy
0.5463454127311707,0.31697729229927063,0.6617816090583801,0.22467337548732758,0.5091211199760437,0.3156815469264984,44.4594612121582,13.291790008544922,78.56170654296875,57.72578048706055,168.63348388671875,56.90212631225586,0.0,0.0516950748860836,0.7903622388839722,0.010732541792094707,0.007691654842346907,0.008973597548902035,0.016396939754486084,0.6100257635116577,0.0,0.03442857414484024,0.006708400323987007,0.7896407842636108,0.01569233648478985,0.010225138626992702,0.01400784868746996,0.6121193766593933,0.0341685526072979,0.8600627183914185,0.04355333745479584,0.010277001187205315,0.009087380953133106,0.011169216595590115,0.24730892479419708,0.4424397647380829,1.3906533231543536,0.9394272227176379,0.6345634255479398,0.9903958158431873,0.020926339285714284,0.5673230229591837,635.9554059505463,0.7724584309786854,0.9918681712341035,Potato___Late_blight
0.5323711633682251,0.37146714329719543,0.7729060649871826,0.1420484036207199,0.5438180565834045,0.32291337847709656,48.19268035888672,16.792118072509766,101.8846435546875,87.18987274169922,196.84881591796875,36.39606475830078,0.01164155825972557,0.7258321642875671,0.008052807301282883,0.006418904289603233,0.005105946678668261,0.0062438431195914745,0.013158753514289856,0.6875230073928833,0.0,0.0,0.0,0.0,0.032339055091142654,0.7153782248497009,0.010973216965794563,0.6979023814201355,0.002729737665504217,0.8148760199546814,0.020818360149860382,0.008287877775728703,0.006709234789013863,0.008287877775728703,0.2835967242717743,0.5049027800559998,0.946201582218481,0.9537774172744664,0.6560873414800841,0.9914695524823068,0.01411033163265306,0.5116191007653061,605.8132690191269,0.7660792151162791,0.9920203901578276,Tomato___healthy
0.6079708933830261,0.3637857437133789,0.7325425148010254,0.2519102394580841,0.5664883255958557,0.3645961582660675,43.46290969848633,12.990336418151855,80.16268920898438,65.73907470703125,186.50730895996094,63.872711181640625,0.0,0.03939750790596008,0.7280012965202332,0.006762259174138308,0.004851185716688633,0.00567441713064909,0.006203637458384037,0.6843405961990356,0.0,0.027607368305325508,0.008711791597306728,0.04479062557220459,0.7085990905761719,0.006699067540466785,0.007390002720057964,0.703522264957428,0.021038612350821495,0.7325956225395203,0.014759305864572525,0.005780483596026897,0.004988234490156174,0.005751140881329775,0.0073062963783741,0.6800724267959595,1.6269658333883967,0.9138402824889624,0.5760295145786481,0.9910123089141437,0.020806760204081634,0.5235172193877551,623.7127658128738,0.7769692804207506,0.9863244945184173,Potato___Late_blight
0.649092435836792,0.3117167055606842,0.7813977003097534,0.20137514173984528,0.5914596319198608,0.34418413043022156,44.489994049072266,23.08965301513672,78.36917877197266,64.96065521240234,199.3182373046875,51.35956954956055,0.0,0.021888727322220802,0.5034065246582031,0.41728806495666504,0.0059509980492293835,0.006908629555255175,0.004411946516484022,0.756221354007721,0.00010195397771894932,0.025386540219187737,0.003874251153320074,0.004859806038439274,0.5460655093193054,0.36227646470069885,0.007782487198710442,0.7548672556877136,0.006320709828287363,0.0615374781191349,0.7513893246650696,0.0053368257358670235,0.005784045904874802,0.004114424344152212,0.004621273837983608,0.656876802444458,2.2043685929523775,0.8398962480082319,0.5079929041113131,0.9819392440666292,0.01783721301020408,0.5471739477040817,774.9503526687622,0.7815656565656566,0.9508614519873618,Apple___Black_rot
0.5366370677947998,0.37634941935539246,0.7149150371551514,0.230942964553833,0.541661262512207,0.33581647276878357,48.548370361328125,18.49435806274414,96.69898223876953,78.32185363769531,182.15040588378906,58.08715057373047,0.03667913377285004,0.7558364272117615,0.007974999025464058,0.004104779101908207,0.0037529408000409603,0.004104779101908207,0.005072333849966526,0.6536273956298828,0.03874810412526131,0.005747043062001467,0.003495624288916588,0.015878427773714066,0.745723307132721,0.006665385328233242,0.005302684381604195,0.6648499369621277,0.05456401780247688,0.4838288426399231,0.4120175838470459,0.005261281505227089,0.004982538055628538,0.005435496103018522,0.012160180136561394,0.7700285911560059,2.3486892484049307,0.8799608208344457,0.49730277419610236,0.9860365079665165,0.02489237882653061,0.5446229272959183,637.6122596263885,0.7773847525378886,0.9849696660533076,Apple___Black_rot
0.49128061532974243,0.3657833933830261,0.6171382665634155,0.2557067275047302,0.48203784227371216,0.33573630452156067,47.27275848388672,16.58491325378418,93.07350158691406,75.47212219238281,157.55526733398438,64.81927490234375,0.0333021879196167,0.7694828510284424,0.005978090222924948,0.004075970500707626,0.0035325076896697283,0.004347702022641897,0.05923743546009064,0.634975790977478,0.029277151450514793,0.00590337673202157,0.020706767216324806,0.7456833720207214,0.005573746282607317,0.004554889630526304,0.027179505676031113,0.6647142171859741,0.0457996241748333,0.7365003228187561,0.0062654591165483,0.003706327872350812,0.0040887268260121346,0.004765278659760952,0.6748164296150208,0.0,2.581430370465068,0.9288521214921185,0.605663256683387,0.9859450447345969,0.024832589285714284,0.5317681760204082,640.2985515594482,0.779659511472983,0.9791585327309573,Potato___Late_blight
0.4882344901561737,0.3387988805770874,0.6452051401138306,0.2291686236858368,0.4727039039134979,0.3219640254974365,49.07734680175781,19.655353546142578,95.07881927490234,66.20303344726562,165.19140625,58.17033386230469,0.0084430743008852,0.8401440978050232,0.03735332563519478,0.0066671171225607395,0.0064633190631866455,0.005473441444337368,0.015605130232870579,0.540677011013031,0.04093710705637932,0.026907695457339287,0.010144345462322235,0.5969695448875427,0.4248753786087036,0.011727150529623032,0.015000680461525917,0.6784120798110962,0.06843387335538864,0.8820138573646545,0.0861722007393837,0.008341441862285137,0.007422180846333504,0.008681909181177616,0.31203800439834595,0.33522382378578186,1.780789266215748,0.8119368084622844,0.4469924416824756,0.9879255493429948,0.02507174744897959,0.6068837691326531,675.5117539167404,0.7837357217030114,0.9851040918880115,Apple___Black_rot
0.5225536823272705,0.2778783440589905,0.6902772784233093,0.1656518429517746,0.43419748544692993,0.31125351786613464,43.940250396728516,10.715874671936035,111.85684204101562,70.48748779296875,176.3166046142578,41.423484802246094,0.0,0.005937252659350634,0.8903605937957764,0.0420721098780632,0.010993859730660915,0.007158792577683926,0.016078874468803406,0.4527936279773712,0.0,0.0,0.028932776302099228,0.014875681139528751,0.8879963159561157,0.013690142892301083,0.012504604645073414,0.4583234190940857,0.028396980836987495,0.936385989189148,0.017026282846927643,0.009644257836043835,0.007888050749897957,0.010686076246201992,0.19217076897621155,0.291351854801178,1.2728525887093767,0.9293753033491842,0.6406776570578318,0.9871489852917061,0.019013073979591837,0.6604153380102041,712.7249572277069,0.7801525618883132,0.9807309571195947,Potato___Early_blight
0.4378012418746948,0.3079759180545807,0.5400976538658142,0.22012661397457123,0.40624579787254333,0.30558302998542786,44.779056549072266,12.987836837768555,92.66045379638672,71.65743255615234,137.282470703125,56.2602424621582,0.01078304648399353,0.7860468626022339,0.004662165883928537,0.0036324849352240562,0.004118723329156637,0.007922821678221226,0.6179800629615784,0.0,0.0005158798303455114,0.016135575249791145,0.7816439270973206,0.00564601831138134,0.0037544588558375835,0.006907057948410511,0.6234408020973206,0.0,0.04552895203232765,0.86021488904953,0.004802769050002098,0.003504723310470581,0.005484242923557758,0.4124215543270111,0.2963113784790039,0.0,1.6691592314271935,0.9078577585585234,0.5780672431444455,0.9875274292669555,0.014130261479591837,0.5574976084183674,623.9554047584534,0.7728008032576561,0.9939733103745158,Potato___Late_blight
0.713066577911377,0.2774108052253723,0.810874342918396,0.18683426082134247,0.6588951945304871,0.3286718726158142,26.966079711914062,24.50356674194336,61.92954635620117,59.8658447265625,207.4863739013672,46.27739715576172,0.0,0.0,0.010218546725809574,0.7051972150802612,0.04152018576860428,0.005079909693449736,0.003641091287136078,0.7076930999755859,0.0,0.0,0.0009244154789485037,0.04631023481488228,0.030744269490242004,0.6907172799110413,0.0065901875495910645,0.7209545969963074,0.0,0.04957202076911926,0.6977529525756836,0.016137653961777687,0.0052900598384439945,0.004814548883587122,0.003239418612793088,0.7143958210945129,1.2194606822549652,0.9657688982648478,0.6557558214434948,0.9880392409782158,0.01913265306122449,0.5142498405612245,615.8132716417313,0.7835665193912617,0.9856426090312621,Potato___Early_blight
0.5813313722610474,0.32076993584632874,0.6956710815429688,0.2136630415916443,0.559040367603302,0.30513596534729004,47.120079040527344,19.680042266845703,68.52610778808594,53.3248176574707,177.7898406982422,55.404808044433594,5.956049426458776e-05,0.050209496170282364,0.7170487642288208,0.007832204923033714,0.006075170356780291,0.005956049542874098,0.012060999870300293,0.6950114369392395,0.0,0.0,0.002825286705046892,0.6367371082305908,0.18675462901592255,0.00844411551952362,0.01006310060620308,0.7480026483535767,0.00035624229349195957,0.12771286070346832,0.7911429405212402,0.00922667607665062,0.007872954942286015,0.007089221850037575,0.3960702121257782,0.44801032543182373,1.3829156034636294,0.8090695412045542,0.4296989595951791,0.9897498636079896,0.01371173469387755,0.5172791772959183,612.5411921739578,0.7724116161616161,0.9923910314594157,Apple___healthy
0.5956815481185913,0.3031271994113922,0.7546915411949158,0.1874890923500061,0.5437449216842651,0.31061360239982605,45.85638427734375,12.628832817077637,86.20286560058594,58.99495315551758,192.61476135253906,46.67683410644531,0.0,0.004826890770345926,0.8373046517372131,0.05853702127933502,0.00860064197331667,0.005587492138147354,0.009595273993909359,0.5433909296989441,0.0,3.2186748285312206e-05,0.028581831604242325,0.007016710937023163,0.7706151008605957,0.1933136135339737,0.008947916328907013,0.6064949035644531,0.02630471996963024,0.021585600450634956,0.8426831960678101,0.010982148349285126,0.006029985845088959,0.006845635827630758,0.010166497901082039,0.5370474457740784,1.0660292176453527,0.9332914857176997,0.625913603336496,0.9903035017792596,0.028280452806122448,0.6176060267857143,657.5117548704147,0.7732938806346008,0.9939793160373541,Potato___Early_blight
0.644597589969635,0.3551231026649475,0.7905310988426208,0.2041461020708084,0.6295549869537354,0.3295814096927643,49.936004638671875,25.916545867919922,72.6219711303711,63.059242248535156,202.31849670410156,53.17738342285156,0.0011647073552012444,0.13774196803569794,0.5797790288925171,0.004444277845323086,0.004137776326388121,0.0038312741089612246,0.0038006240501999855,0.8030044436454773,0.0,0.0,0.0,0.009470395743846893,0.6579206585884094,0.01050040777772665,0.004778115078806877,0.7529393434524536,0.00032447048579342663,0.05468802526593208,0.6369060277938843,0.004365602973848581,0.004365602973848581,0.003775656456127763,0.006695890799164772,0.768936038017273,1.8699483342573888,0.772452587393178,0.40244541257721245,0.9867714337366662,0.012954400510204082,0.47018494897959184,582.0559113025665,0.7727408142999007,0.9926437759115552,Apple___healthy
0.548425555229187,0.35148799419403076,0.698345422744751,0.22553272545337677,0.5139829516410828,0.34780922532081604,49.30498504638672,27.293479919433594,93.19662475585938,75.8427505493164,179.33706665039062,57.75893783569336,0.02028682641685009,0.7168316841125488,0.057570721954107285,0.0046300264075398445,0.003838048316538334,0.0036857447121292353,0.027566934004426003,0.6939861178398132,0.039837341755628586,0.019714295864105225,0.005816817749291658,0.07741083949804306,0.6806619763374329,0.0051879724487662315,0.02226111851632595,0.7267563343048096,0.0796133354306221,0.811571478843689,0.01343042403459549,0.004984487313777208,0.004222968593239784,0.004949872847646475,0.39986664056777954,0.4181777238845825,2.5068784418692207,0.7303139565599357,0.3386399365495142,0.9835150940493183,0.02317841198979592,0.5195711096938775,615.7127659320831,0.7740799568448813,0.9903569648403052,Apple___Black_rot
0.5730106234550476,0.3240172863006592,0.7491282224655151,0.1614132821559906,0.5420438051223755,0.3163277506828308,50.473392486572266,25.7748966217041,87.91276550292969,69.3122329711914,191.85154724121094,42.515132904052734,0.0001319142320426181,0.21650423109531403,0.6417627334594727,0.00929995346814394,0.008607403375208378,0.00824463926255703,0.035484928637742996,0.7346963286399841,0.0,0.0,0.0,0.00385750038549304,0.7223772406578064,0.07205690443515778,0.026640862226486206,0.6872076392173767,0.002402158686891198,0.6779994368553162,0.3467378318309784,0.011616997420787811,0.009805533103644848,0.011341338977217674,0.4483373165130615,0.467672735452652,1.5297177891672857,0.7391136281018479,0.3657463953384492,0.985433362475018,0.017697704081632654,0.5242546237244898,616.3990569114685,0.7688406881077038,0.9919902725237397,Apple___healthy
0.6236600875854492,0.3623848557472229,0.8369278907775879,0.15794827044010162,0.6074864864349365,0.36279597878456116,44.559608459472656,25.004209518432617,86.12065887451172,78.74359893798828,213.24615478515625,40.61354064941406,0.000652322662062943,0.14497093856334686,0.6481912732124329,0.0046905106864869595,0.00459732161834836,0.0039139362052083015,0.004100313875824213,0.7474996447563171,0.0,0.0,0.0,5.7201337767764926e-05,0.013957126066088676,0.7201934456825256,0.007264569867402315,0.6935948133468628,0.0021540129091590643,0.3566051423549652,0.48896095156669617,0.005169631447643042,0.005136492662131786,0.004009778145700693,0.00470568984746933,0.7960237860679626,1.524966927892033,0.8538177300804242,0.5398075466414306,0.9866897749523087,0.01327327806122449,0.5137914540816326,609.3279892206192,0.7817708333333333,0.9933045272295535,Apple___healthy
0.59618079662323,0.3047437369823456,0.7400022149085999,0.17645667493343353,0.5557637214660645,0.3063732385635376,49.02830123901367,25.843507766723633,81.05823516845703,63.600746154785156,190.14466857910156,44.95991897583008,0.0,0.015593286603689194,0.7324037551879883,0.042213041335344315,0.004837223794311285,0.004356505814939737,0.029413925483822823,0.6787135601043701,0.0,0.00042648392263799906,0.03393593430519104,0.015079253353178501,0.7105526924133301,0.045572854578495026,0.02211623825132847,0.7008349299430847,0.02568867616355419,0.15633079409599304,0.7769266963005066,0.007292505819350481,0.004800593946129084,0.006266424432396889,0.4224156439304352,0.4390161633491516,1.8018892307018335,0.7216998045630418,0.32413328508352196,0.9827769627760625,0.01931202168367347,0.5241549744897959,620.2985503673553,0.7755400405776346,0.991455925544494,Potato___Early_blight
0.501702606678009,0.2805507183074951,0.5795984268188477,0.21999181807041168,0.40982136130332947,0.32720208168029785,43.35646438598633,24.324953079223633,107.4685287475586,81.97303771972656,148.68601989746094,56.817657470703125,0.0369141548871994,0.20835989713668823,0.6800079345703125,0.005939077585935593,0.006004702765494585,0.006267203483730555,0.7019267678260803,0.0009843774605542421,0.03735467791557312,0.0063358815386891365,0.04299991577863693,0.7618072032928467,0.006756271701306105,0.0048044598661363125,0.6452089548110962,0.001411310164257884,0.4400480389595032,0.5522800087928772,0.006307542789727449,0.006201829761266708,0.004510421771556139,0.05271555483341217,0.7060219645500183,0.0,2.026550959773403,0.7376968440037649,0.35406748725949244,0.9839170961594649,0.022879464285714284,0.5624800701530612,640.5411908626556,0.7777422405161865,0.9922470993151901,Apple___Black_rot
0.4665926694869995,0.2928236424922943,0.6747735738754272,0.15973548591136932,0.4215013086795807,0.2966165244579315,48.68486785888672,11.620863914489746,111.59105682373047,64.98993682861328,171.77285766601562,40.91303253173828,0.0,0.017322754487395287,0.9209524393081665,0.007970093749463558,0.004364574793726206,0.01038280874490738,0.010328590869903564,0.3889080286026001,0.0,0.0,0.0,0.0058608753606677055,0.9201041460037231,0.007086331024765968,0.012281198054552078,0.39137327671051025,0.0034559445921331644,0.9537002444267273,0.019387006759643555,0.00488889729604125,0.008710104040801525,0.006574723869562149,0.15855199098587036,0.25453174114227295,0.9830280118240866,0.9130406733772249,0.601170379744155,0.9895109135305915,0.014887595663265306,0.6957110969387755,696.5828204154968,0.786205956518776,0.9950689342860018,Apple___healthy
0.5768074989318848,0.3279167413711548,0.7316922545433044,0.1832795888185501,0.5694246888160706,0.2978809177875519,47.00474166870117,16.53961181640625,79.35539245605469,65.63529205322266,186.67820739746094,46.161865234375,0.0,0.21070988476276398,0.601523756980896,0.03201194480061531,0.006245435681194067,0.007062900811433792,0.01340643223375082,0.7697253823280334,0.0,0.0,0.02352539822459221,0.013623050414025784,0.7151369452476501,0.009169924072921276,0.010224612429738045,0.6983205080032349,0.020791707560420036,0.025997977703809738,0.8054032921791077,0.009878563694655895,0.006741452496498823,0.008543622680008411,0.27162712812423706,0.5255662798881531,1.167854368893689,0.9065755812924128,0.5527981709292134,0.990009026188148,0.014528858418367346,0.5134127869897959,608.7838319540024,0.7707902106416656,0.9924163743606828,Potato___Early_blight
0.5924224257469177,0.3210166096687317,0.732847273349762,0.18541719019412994,0.5918123722076416,0.2835504114627838,53.26420974731445,27.591524124145508,72.2419662475586,57.552947998046875,187.7543182373047,48.62761688232422,9.343527926830575e-05,0.10950614511966705,0.6678442358970642,0.007256806828081608,0.005637262016534805,0.00663390476256609,0.03027302958071232,0.7354913949966431,0.0,0.0,0.0,0.016438329592347145,0.7147758603096008,0.008131726644933224,0.024395180866122246,0.6986873149871826,0.0,0.011753278784453869,0.8156043291091919,0.011054075323045254,0.006659081671386957,0.008024193346500397,0.3978468179702759,0.4196886122226715,1.4634365358457126,0.7224664043038334,0.33425305641350556,0.9871525617510943,0.01305404974489796,0.5010164221938775,605.1269785165787,0.7727018633540372,0.9912749003984064,Tomato___healthy
0.531237781047821,0.3459669053554535,0.7042281627655029,0.1931057721376419,0.5502346754074097,0.29431119561195374,50.61599349975586,17.69154930114746,88.0400161743164,68.81974029541016,179.2947998046875,49.3864860534668,0.005065856967121363,0.7753655910491943,0.011608049273490906,0.006310610566288233,0.005876393988728523,0.006600087974220514,0.010450138710439205,0.6312057971954346,0.0,0.0,0.0,0.01586247608065605,0.7729508876800537,0.008850802667438984,0.010086466558277607,0.6341254711151123,0.0,0.017488917335867882,0.8498023748397827,0.008426478132605553,0.0073453448712825775,0.007917709648609161,0.2314896583557129,0.4730274975299835,1.1234633903255649,0.8987254531705319,0.5299772348605764,0.9913140487411506,0.014090401785714286,0.5476124043367347,618.2985517978668,0.7746968057848886,0.9937008161551243,Tomato___healthy
0.5611547231674194,0.3509916365146637,0.6596745252609253,0.2605290412902832,0.5380478501319885,0.3358328342437744,49.96757507324219,28.36067008972168,74.97379302978516,60.794830322265625,169.58090209960938,66.96260070800781,0.0069206650368869305,0.7033911943435669,0.04574829339981079,0.0038947465363889933,0.004224301781505346,0.00533280661329627,0.024926377460360527,0.7088139057159424,0.003671967191621661,0.052985578775405884,0.023427758365869522,0.6856867671012878,0.004369944334030151,0.0060693672858178616,0.021242786198854446,0.7252287268638611,0.05461594834923744,0.788277268409729,0.04847297817468643,0.004660184495151043,0.006037056911736727,0.0057546216994524,0.4200167655944824,0.4436001181602478,2.6221533434428954,0.7228854669793526,0.3243578992003881,0.9851575908053517,0.022122130102040817,0.5008769132653061,611.7127640247345,0.7775953721075672,0.9885708606638839,Potato___Late_blight
0.4484368860721588,0.26703789830207825,0.5391218066215515,0.1951192170381546,0.40636786818504333,0.2747913897037506,43.42410659790039,11.920531272888184,86.63273620605469,64.62325286865234,137.2566375732422,49.43536376953125,0.013410480692982674,0.8131548762321472,0.010780408047139645,0.005000028293579817,0.006387319415807724,0.02005791664123535,0.5813905596733093,0.0,0.018319634720683098,0.002256979001685977,0.035642679780721664,0.7942221164703369,0.006829559803009033,0.007239919621497393,0.606218695640564,0.0,0.03166060522198677,0.8003385663032532,0.004700071644037962,0.004959584679454565,0.006343654822558165,0.598639190196991,0.00017300876788794994,0.0,1.52021918620351,0.8856583703359706,0.4940503504222629,0.9856807272204375,0.018793845663265307,0.5771484375,636.5411914587021,0.7762515593643218,0.9934231076250304,Apple___Black_rot
0.5198845267295837,0.3546241521835327,0.7432385087013245,0.15775834023952484,0.5542754530906677,0.28934332728385925,51.2700080871582,17.99669647216797,99.69307708740234,78.89201354980469,189.1616668701172,40.372440338134766,0.007746493443846703,0.7776197791099548,0.012755503877997398,0.006931073032319546,0.006232141051441431,0.007251416798681021,0.014415467157959938,0.6282813549041748,0.0,0.0,0.0,0.0005997465923428535,0.7773287296295166,0.013708493672311306,0.012537559494376183,0.62882000207901,0.0,0.01433147769421339,0.8581894040107727,0.010836777277290821,0.008496290072798729,0.009618441574275494,0.27322784066200256,0.4340161383152008,0.7732076380769484,0.9508210058723872,0.652732326473661,0.9929357615158605,0.013691804846938776,0.5483498086734694,621.7127630710602,0.7726937583302612,0.9936546140801925,Apple___healthy
0.5984824895858765,0.2907368540763855,0.7573094367980957,0.15326261520385742,0.5665404796600342,0.2847948372364044,45.438236236572266,14.229287147521973,76.65155029296875,59.42129898071289,193.3004150390625,38.06480026245117,0.0,0.008082423359155655,0.7546151280403137,0.035131990909576416,0.007315477821975946,0.007138490676879883,0.012831584550440311,0.6549712419509888,0.0,0.0,0.020983871072530746,0.0041350568644702435,0.1044873371720314,0.7104892134666443,0.012806333601474762,0.6954610347747803,0.0023896358907222748,0.036008208990097046,0.8376819491386414,0.011162545531988144,0.007921806536614895,0.009132991544902325,0.25899723172187805,0.47920382022857666,0.8911621973237813,0.9175003359396636,0.5788990654964278,0.9898589679099414,0.018136160714285716,0.5409956951530612,633.6122606992722,0.7728816486299793,0.9882963453682235,Potato___Early_blight
0.564845085144043,0.3091123700141907,0.6639361381530762,0.22851473093032837,0.5238983631134033,0.31131747364997864,43.6879768371582,12.614737510681152,72.59342956542969,53.944278717041016,169.27178955078125,57.84672164916992,0.0,0.048592112958431244,0.7747759222984314,0.008390218950808048,0.00678925821557641,0.0076193856075406075,0.011295665055513382,0.6301261782646179,0.0,0.032081786543130875,0.006721619050949812,0.7757452726364136,0.00997969601303339,0.009099135175347328,0.009157839231193066,0.6299830079078674,0.036665186285972595,0.10077747702598572,0.8262786865234375,0.006939456332474947,0.00876926351338625,0.008976411074399948,0.2518228590488434,0.4920799732208252,1.3532528447040113,0.9434371328499748,0.6372268835747557,0.9907867400820478,0.0205875318877551,0.558235012755102,658.6833282709122,0.779365882452146,0.9854286983562861,Potato___Late_blight
0.5684775710105896,0.27982297539711,0.7116460800170898,0.16878759860992432,0.4985382556915283,0.30445238947868347,43.48054885864258,10.86449909210205,92.13352966308594,64.80187225341797,181.3617401123047,42.66617202758789,0.0,0.0035393754951655865,0.8343932628631592,0.03255065158009529,0.00937064178287983,0.01006691250950098,0.015956200659275055,0.5497926473617554,0.0,0.0,0.012179889716207981,0.010832937434315681,0.8326172232627869,0.013813427649438381,0.015303673222661018,0.5532249212265015,0.009834031574428082,0.3745698928833008,0.7530276775360107,0.013150159269571304,0.011282455176115036,0.01322639174759388,0.2683013677597046,0.46913668513298035,0.8622616052217302,0.8878589389373881,0.5021357356556255,0.991124709734254,0.015764508928571428,0.6004264987244898,654.1980466842651,0.7745976116303219,0.9935401162113114,Potato___Early_blight
0.5687080025672913,0.30952218174934387,0.6780367493629456,0.21987998485565186,0.4940001964569092,0.3403984010219574,45.54380416870117,24.13227081298828,93.1668701171875,70.70138549804688,173.8755645751953,56.87123489379883,3.006797851412557e-05,0.055144671350717545,0.7727169990539551,0.008779849857091904,0.006224071606993675,0.00703590689226985,0.027121316641569138,0.6316380500793457,0.0004587681032717228,0.04128912836313248,0.009104781784117222,0.43618258833885193,0.4955753982067108,0.009492970071732998,0.02932586893439293,0.7492741346359253,0.04099545627832413,0.86004638671875,0.014622373506426811,0.006634530611336231,0.006733553484082222,0.008548972196877003,0.35364359617233276,0.36496520042419434,1.999783963008075,0.7128708837661522,0.32019755425788665,0.9853072233050181,0.020448022959183673,0.5506616709183674,643.8548995256424,0.7755934612651031,0.9854609160525936,Potato___Late_blight
0.6375975608825684,0.3447524309158325,0.8742568492889404,0.1203463152050972,0.675022304058075,0.3058817982673645,42.78144836425781,25.626953125,80.1796875,75.34658813476562,222.68348693847656,30.925823211669922,0.0,0.010724945925176144,0.7314815521240234,0.006153185851871967,0.004169214982539415,0.003881682874634862,0.00460051279515028,0.6817097663879395,0.0,0.0,0.0,0.0,0.0,0.04733756557106972,0.7144568562507629,0.6980763673782349,0.0,0.0,0.09566336870193481,0.6903071403503418,0.004991921596229076,0.004628872964531183,0.005324716214090586,0.7171122431755066,0.9408410100602409,0.9744182212050305,0.6831708545019035,0.9888342458338013,0.013412786989795918,0.5209861288265306,604.9848432540894,0.7773706184483224,0.993913093569385,Tomato___healthy
0.6607668995857239,0.27931320667266846,0.8069236874580383,0.1465097814798355,0.6342087388038635,0.2743833661079407,45.558773040771484,13.70361042022705,63.92151641845703,50.89680862426758,205.35186767578125,37.49281311035156,0.0,0.0,0.013204112648963928,0.7543065547943115,0.00769759388640523,0.006515566259622574,0.008591322228312492,0.6562559008598328,0.0,0.0,0.0,0.0,0.010472020134329796,0.7542423009872437,0.010586156509816647,0.6564273238182068,0.0,0.0,0.3093336820602417,0.5788682699203491,0.008559297770261765,0.008326164446771145,0.011723239906132221,0.7542839050292969,0.7066980265180134,0.9658699187200857,0.6733374505936273,0.9914884181239009,0.014229910714285714,0.5355947066326531,620.5411905050278,0.7714140681653372,0.9928507429254088,Tomato___healthy
0.47200486063957214,0.3166745901107788,0.6150599122047424,0.22483794391155243,0.47117435932159424,0.291106641292572,51.97588348388672,16.08793830871582,86.44544982910156,52.80823516845703,156.7891082763672,57.045841217041016,0.0,0.5790331959724426,0.596695065498352,0.009624114260077477,0.0051117087714374065,0.01152778510004282,0.011633544228971004,0.555237352848053,0.0,0.03955962881445885,0.01572132110595703,0.8907894492149353,0.012018837034702301,0.006806876510381699,0.012104278430342674,0.4520449638366699,0.04043050855398178,0.028887219727039337,0.8971279859542847,0.009339041076600552,0.004611514043062925,0.011282257735729218,0.02563885785639286,0.4379488229751587,1.5081956032050876,0.945902659900145,0.6691518579080034,0.9885814529717042,0.02361686862244898,0.6661750637755102,686.2396743297577,0.776832955404384,0.9933700823076342,Potato___Late_blight
0.4823859930038452,0.3380639851093292,0.6033333539962769,0.2510843276977539,0.46321120858192444,0.32338613271713257,47.39277648925781,15.52573299407959,83.68197631835938,56.934783935546875,153.95462036132812,63.332679748535156,0.00426494050770998,0.852358341217041,0.020551860332489014,0.008014652878046036,0.007098692934960127,0.007871534675359726,0.013882524333894253,0.5221832990646362,0.0,0.06290557235479355,0.028686385601758957,0.8281464576721191,0.010794981382787228,0.009381710551679134,0.012959991581737995,0.5558964610099792,0.04765474423766136,0.9034519195556641,0.016884297132492065,0.00893131922930479,0.008489487692713737,0.009783424437046051,0.23129908740520477,0.3570318818092346,1.280107715065658,0.9167236492139964,0.5832351589375524,0.9925990502119322,0.015784438775510203,0.6118662308673469,667.1686075925827,0.768566734074823,0.9905520532994511,Potato___Late_blight
0.571556031703949,0.3320600688457489,0.661405086517334,0.24977824091911316,0.5312897562980652,0.3333621621131897,48.15092849731445,26.01528549194336,74.47447204589844,58.65843963623047,169.66026306152344,64.82963562011719,0.0015622511273249984,0.3983740210533142,0.47893184423446655,0.004720715340226889,0.004449019208550453,0.005332030821591616,0.029037492349743843,0.7816689610481262,0.00029571668710559607,0.021084599196910858,0.01895543932914734,0.724979043006897,0.004968040622770786,0.004849753808230162,0.020818455144762993,0.6878370046615601,0.03355970233678818,0.8118071556091309,0.04716964438557625,0.005237243138253689,0.005099421367049217,0.0046170433051884174,0.3998566269874573,0.421494722366333,2.26062760160068,0.7358737997336466,0.35252286735497845,0.9861264667302916,0.019292091836734693,0.5163026147959183,613.369619011879,0.7745592319768144,0.9916705318491033,Potato___Late_blight
0.6172627210617065,0.2833353579044342,0.7054345011711121,0.2048991620540619,0.539861261844635,0.3186849355697632,44.98951721191406,25.12526512145996,80.11979675292969,62.564697265625,181.30157470703125,52.66008758544922,0.0,0.005432327277958393,0.7056127190589905,0.10799466073513031,0.005866913124918938,0.005494410637766123,0.027441011741757393,0.6997147798538208,0.0,0.0003145327791571617,0.03686324134469032,0.10656370222568512,0.6878517270088196,0.006762454751878977,0.02321251854300499,0.7166314721107483,0.03619183972477913,0.6033598184585571,0.4303620159626007,0.006661573424935341,0.007189624942839146,0.0064178574830293655,0.47183436155319214,0.4760994017124176,1.9954749833382666,0.7207494191709298,0.32598665257072484,0.982945723151726,0.019551179846938774,0.5264070471938775,614.5411924123764,0.7744995204986814,0.9920538953187079,Potato___Early_blight
0.6177780628204346,0.2776448130607605,0.721619725227356,0.18786074221134186,0.5327348113059998,0.3197142481803894,41.29587936401367,16.820659637451172,85.6259994506836,67.36280822753906,185.15948486328125,47.283973693847656,0.0,0.0026014039758592844,0.7066218256950378,0.11774449795484543,0.007339675445109606,0.007184830028563738,0.014927104115486145,0.6974859833717346,0.0,0.00017793050210457295,0.036505408585071564,0.018593737855553627,0.7358909249305725,0.00901514571160078,0.012099274434149265,0.6756910681724548,0.02264237031340599,0.7494434118270874,0.241911843419075,0.007801152765750885,0.008295860141515732,0.009437492117285728,0.41582047939300537,0.45406514406204224,1.2641705768479454,0.7847664012055724,0.3789329068542353,0.9881552417991375,0.015744579081632654,0.5340202487244898,627.2691125869751,0.7694851341551849,0.9889098059682019,Potato___Early_blight
0.5655785202980042,0.3138393759727478,0.6555071473121643,0.23729519546031952,0.550544023513794,0.2935011684894562,47.32517623901367,15.415014266967773,58.224029541015625,42.63117218017578,166.99815368652344,60.3215446472168,0.0,0.02616828866302967,0.7740288972854614,0.0057570235803723335,0.004768443759530783,0.005495340563356876,0.010234707966446877,0.6324584484100342,0.0004643416032195091,0.016658255830407143,0.012334073893725872,0.7700815200805664,0.006036440841853619,0.005833291448652744,0.007255337666720152,0.6375120282173157,0.018233053386211395,0.016595929861068726,0.8492172360420227,0.006259586662054062,0.005360774230211973,0.006484289653599262,0.2378321886062622,0.4706888198852539,1.4389416979313614,0.9527348216406586,0.6503447328851312,0.9900804923902842,0.017139668367346938,0.5508609693877551,628.2985519170761,0.7770490872441302,0.9906078647822074,Potato___Late_blight
0.5975785255432129,0.32668089866638184,0.7316465377807617,0.2026689648628235,0.5348801016807556,0.3506080210208893,41.31383514404297,12.287227630615234,89.96438598632812,80.3675765991211,186.4418182373047,51.242427825927734,0.009516408666968346,0.044281039386987686,0.6636803150177002,0.006750702392309904,0.005323240999132395,0.006215404719114304,0.0099030127748847,0.7465028166770935,0.02117803879082203,0.011591878719627857,0.004719340242445469,0.014305499382317066,0.6633917093276978,0.007963886484503746,0.009202713146805763,0.7476319670677185,0.05167235806584358,0.763731062412262,0.009756557643413544,0.005473190452903509,0.0071389442309737206,0.006425050087273121,0.2846398949623108,0.5768947005271912,1.177817386305203,0.9461524703393572,0.6376977188134235,0.9915019558590477,0.019969706632653062,0.4829001913265306,590.9848415851593,0.7724867724867724,0.9919090852942993,Apple___Black_rot
0.5428817868232727,0.34591197967529297,0.7259141802787781,0.1881030797958374,0.5220228433609009,0.3275858759880066,47.40299987792969,14.40361499786377,89.94790649414062,68.1099624633789,184.7186279296875,48.103065490722656,0.0050646536983549595,0.7834786176681519,0.0232857633382082,0.005588583182543516,0.0063162632286548615,0.00652001379057765,0.009430734440684319,0.6207984685897827,0.0,0.0,0.0,0.010842571966350079,0.7868853807449341,0.007903664372861385,0.009159119799733162,0.6168853044509888,0.005381948780268431,0.7903859615325928,0.0210012998431921,0.005966943223029375,0.0066104368306696415,0.005966943223029375,0.020533304661512375,0.6117871403694153,1.118804276320514,0.952365823253875,0.66005326575038,0.9910861037271376,0.014090401785714286,0.5588727678571429,625.4701224565506,0.7796805255326914,0.9939873304462975,Tomato___healthy
0.5509848594665527,0.357815682888031,0.7390772700309753,0.17672762274742126,0.5493400692939758,0.32194218039512634,48.59466552734375,20.643972396850586,90.99507904052734,76.41668701171875,188.8597412109375,45.95991897583008,0.00783207081258297,0.7189783453941345,0.010132196359336376,0.005153444595634937,0.0050952136516571045,0.0055901771411299706,0.013393132947385311,0.6947250962257385,0.0,0.0,0.0,0.00859218742698431,0.7185827493667603,0.008161141537129879,0.011293410323560238,0.6952487826347351,0.0020054997876286507,0.7895687818527222,0.09774172306060791,0.007494235876947641,0.006473893765360117,0.0075294203124940395,0.39807412028312683,0.4565150737762451,1.2801357015739594,0.8280672227132811,0.4653887552210183,0.9896981191006734,0.013253348214285714,0.5060985331632653,599.4701229333878,0.7725736062450058,0.9929492623387909,Apple___healthy
0.5216645002365112,0.30123263597488403,0.6507676839828491,0.20729170739650726,0.468916654586792,0.3118640184402466,44.822444915771484,11.216872215270996,90.92992401123047,60.630924224853516,165.7621307373047,52.79856872558594,0.0,0.027076490223407745,0.8595218062400818,0.0074104079976677895,0.007666921708732843,0.006612363737076521,0.011714144609868526,0.510092556476593,0.0,0.0164183359593153,0.006050650030374527,0.7172399759292603,0.3258852958679199,0.012339246459305286,0.012237269431352615,0.6154326796531677,0.014910492114722729,0.9137307405471802,0.020801806822419167,0.007531165145337582,0.007591899950057268,0.007622267585247755,0.19775381684303284,0.3537825345993042,1.2657154455721424,0.8813499240652314,0.49018798887736625,0.9902499699740094,0.01927216198979592,0.6246213329081632,662.0975388288498,0.7787808119561674,0.9941898618691678,Potato___Late_blight
0.5695512890815735,0.3761776387691498,0.693030834197998,0.2673027813434601,0.5725904107093811,0.3352741599082947,48.62416458129883,18.600576400756836,78.34870910644531,65.07977294921875,176.5662841796875,67.7950668334961,0.03734927996993065,0.7193512916564941,0.011551324278116226,0.006486512720584869,0.004709385801106691,0.00589413708075881,0.007375075947493315,0.6934348344802856,0.03026079572737217,0.00534014031291008,0.016228092834353447,0.7139174342155457,0.008989236317574978,0.006556505803018808,0.008069545030593872,0.6992320418357849,0.035348858684301376,0.027073808014392853,0.7136331796646118,0.007795337587594986,0.00530682597309351,0.0067459652200341225,0.00953429751098156,0.6989419460296631,1.7512146862781992,0.9515904098730708,0.6496391248683693,0.990774495581465,0.025550063775510203,0.5173588966836735,602.1564170122147,0.7768647665251668,0.9938709802552466,Apple___Black_rot
0.5674777030944824,0.3291965126991272,0.7380887866020203,0.17220881581306458,0.5113657116889954,0.34489935636520386,48.717891693115234,25.263879776000977,98.74964141845703,79.24946594238281,189.0243682861328,45.256919860839844,0.001183957327157259,0.3356350064277649,0.5550392270088196,0.0051079303957521915,0.0046681747771799564,0.00453286524862051,0.03071523644030094,0.7604389190673828,0.0,0.0,0.0,0.008280869573354721,0.7493897676467896,0.012797707691788673,0.020702173933386803,0.6616299152374268,0.012188768945634365,0.8422014713287354,0.009378490038216114,0.004509517922997475,0.004705583676695824,0.005065037868916988,0.3669048249721527,0.39468082785606384,1.787441212622415,0.7268158361582908,0.336760684724724,0.9845244516877949,0.013572225765306123,0.5279217155612245,616.6416969299316,0.7753991720875222,0.9927504684749484,Apple___healthy
0.5620110630989075,0.3210092782974243,0.6872993111610413,0.21436095237731934,0.5273424983024597,0.31380873918533325,45.4438591003418,14.41181468963623,78.63880920410156,60.11874008178711,175.56912231445312,53.70648193359375,0.0,0.018110662698745728,0.7714203000068665,0.025067269802093506,0.006017318926751614,0.0063989050686359406,0.010361529886722565,0.6354289054870605,0.0,0.011271219700574875,0.025201600044965744,0.05424085631966591,0.748100757598877,0.007282476872205734,0.009427936747670174,0.6606808304786682,0.03966549411416054,0.1326402872800827,0.7977405786514282,0.008509796112775803,0.007279040291905403,0.008298808708786964,0.23088973760604858,0.5393874049186707,1.4500725629339597,0.8891541006560388,0.50692472051484,0.9893262629316706,0.016880580357142856,0.5526147959183674,633.2691133022308,0.7750822835092498,0.9877065480710128,Potato___Early_blight
0.49004194140434265,0.31474769115448,0.640218198299408,0.1740064173936844,0.48384806513786316,0.28638988733291626,47.528438568115234,15.944640159606934,86.4853744506836,71.00298309326172,163.0332489013672,44.553951263427734,0.010661754757165909,0.7342242002487183,0.00528777064755559,0.004023303743451834,0.0037071870174258947,0.00528777064755559,0.6787601113319397,0.0,0.0,0.0,0.005015334580093622,0.7358008623123169,0.006183679681271315,0.005699243862181902,0.6771271824836731,0.0,0.0064529553055763245,0.7377110719680786,0.007893347181379795,0.004119520541280508,0.0043211751617491245,0.010025126859545708,0.6749387979507446,0.0,1.2364918079203573,0.9354863495656663,0.6178422248442353,0.9887233508944854,0.013512436224489796,0.5203483737244898,604.6416990756989,0.7758103241296519,0.9936957023141385,Tomato___healthy
0.6031643748283386,0.2666581869125366,0.7131459712982178,0.1561438888311386,0.5255637764930725,0.308724582195282,39.84687805175781,10.106620788574219,83.3171615600586,74.55836486816406,181.46307373046875,39.70161437988281,0.0,0.009716709144413471,0.6736822128295898,0.012109844945371151,0.005161100532859564,0.005795425735414028,0.7388159036636353,0.001441648229956627,0.0,0.0,0.0077074686996638775,0.013278785161674023,0.6745622754096985,0.00704352930188179,0.7379828691482544,0.007851802743971348,0.015518957749009132,0.6715134382247925,0.009873068891465664,0.0041982256807386875,0.005385309923440218,0.0055590299889445305,0.7407117486000061,0.0,0.8949529665070395,0.9702153175546165,0.6756296951526722,0.9895322923332392,0.012814891581632654,0.4811862244897959,580.8427052497864,0.7803906198967927,0.9931831407432039,Potato___Early_blight
0.49660786986351013,0.3348553776741028,0.648862361907959,0.22077354788780212,0.4784032106399536,0.31874367594718933,49.195133209228516,19.268619537353516,90.58920288085938,62.26380157470703,165.93435668945312,56.59190368652344,0.00273143476806581,0.8268824815750122,0.06611853837966919,0.007689582649618387,0.006175417918711901,0.0067988974042236805,0.015171338804066181,0.558133065700531,0.001155038713477552,0.03237316757440567,0.008438199758529663,0.7730096578598022,0.16006910800933838,0.008855296298861504,0.013218776322901249,0.6127480268478394,0.023861732333898544,0.8961549997329712,0.05544058978557587,0.00836290791630745,0.006748446729034185,0.008298329077661037,0.30406758189201355,0.31720930337905884,1.6582933517522132,0.7813249732851529,0.377109570009039,0.9883207509180868,0.02180325255102041,0.6037747130102041,659.6538878679276,0.773778224559233,0.9931681333950904,Potato___Late_blight
0.5945200324058533,0.31198203563690186,0.6751588582992554,0.2419145405292511,0.5191136002540588,0.34636640548706055,40.469486236572266,17.23467445373535,84.53687286376953,69.56461334228516,172.80267333984375,61.91621017456055,0.006031677592545748,0.047566644847393036,0.7085429430007935,0.007673965767025948,0.005643500480800867,0.005762939341366291,0.01319802738726139,0.7038251161575317,0.024676121771335602,0.01555668469518423,0.010490331798791885,0.7050873637199402,0.014483810402452946,0.0061690304428339005,0.010698946192860603,0.7081868052482605,0.0570259615778923,0.8132964372634888,0.009932450018823147,0.007432212587445974,0.005308723542839289,0.008356957696378231,0.38445430994033813,0.4327123165130615,1.6746512975326278,0.8154185875649416,0.4389075327692229,0.989011647784628,0.021484375,0.5116191007653061,613.2274832725525,0.7744581760623402,0.9907901398029518,Apple___Black_rot
0.4825613796710968,0.33389556407928467,0.6679956912994385,0.19380681216716766,0.5094133615493774,0.2837683856487274,53.63087844848633,17.198406219482422,95.36266326904297,64.79541015625,170.02565002441406,49.5445556640625,0.0059271869249641895,0.8584211468696594,0.015370981767773628,0.0059271869249641895,0.00785564910620451,0.005983906332403421,0.011060301214456558,0.5124322175979614,0.0,0.0,0.0,0.020132141187787056,0.8558409810066223,0.009138192981481552,0.009025722742080688,0.5166874527931213,0.0,0.012622085399925709,0.9113922715187073,0.009302058257162571,0.00834493339061737,0.00717843696475029,0.18463538587093353,0.3672966957092285,1.1202103346566958,0.9196282286877573,0.5947625608418253,0.9914240766865852,0.014927455357142858,0.6204360650510204,662.0975424051285,0.7754399195575666,0.994503103086967,Apple___healthy
0.4693105220794678,0.340230792760849,0.7057933211326599,0.16313987970352173,0.48465287685394287,0.29924699664115906,51.91764831542969,15.799647331237793,107.94379425048828,73.3809814453125,179.68540954589844,41.75325393676758,0.010982980951666832,0.8637491464614868,0.012228473089635372,0.006538836285471916,0.004925357177853584,0.006765289697796106,0.01171895395964384,0.5034055113792419,0.0,0.0,0.0,0.011339807882905006,0.8617416024208069,0.010892918333411217,0.01047396007925272,0.5069955587387085,0.0,0.2436254620552063,0.847973108291626,0.010759484022855759,0.006462676916271448,0.010060816071927547,0.21599315106868744,0.4179430603981018,0.9452569982878626,0.9499778687800877,0.671087443402471,0.9918778766296998,0.014409279336734694,0.6267936862244898,663.2691130638123,0.7824307700032638,0.9940988835725678,Apple___healthy
0.5844783186912537,0.3629871606826782,0.686576783657074,0.27432307600975037,0.5035706162452698,0.3965611159801483,45.03443908691406,25.21624183654785,103.44515228271484,84.33375549316406,176.27716064453125,70.8368911743164,0.031469691544771194,0.448935866355896,0.41515523195266724,0.003942207433283329,0.005029712803661823,0.005131666548550129,0.004961743950843811,0.7905824780464172,0.029342561960220337,0.003260284662246704,0.013633918017148972,0.7214417457580566,0.017635175958275795,0.004949704743921757,0.005453567020595074,0.6914470791816711,0.32536619901657104,0.5631194710731506,0.004051462281495333,0.004186511039733887,0.005334425251930952,0.004557895008474588,0.028393998742103577,0.7590414881706238,3.1028418223198373,0.7097649277155088,0.323352720676516,0.9844646428112169,0.019870057397959183,0.5257892219387755,614.1980473995209,0.7775540040577634,0.9924784827481149,Apple___Black_rot
0.5569348335266113,0.3180758059024811,0.7236557006835938,0.17313088476657867,0.5130130648612976,0.32219627499580383,45.055267333984375,12.769797325134277,91.55199432373047,70.568359375,184.25253295898438,44.3025016784668,0.0,0.011029055342078209,0.7852514386177063,0.008120609447360039,0.00552892591804266,0.006824767682701349,0.009243672713637352,0.6188941597938538,0.0,0.0,0.0,0.010716337710618973,0.7835785746574402,0.00871595460921526,0.009801876731216908,0.6210617423057556,0.005699185188859701,0.8595262765884399,0.019421804696321487,0.007291136309504509,0.006335965357720852,0.007705043535679579,0.24207209050655365,0.4495033323764801,0.9955884330571704,0.920706402518372,0.5846744489271809,0.9910650031632269,0.01403061224489796,0.5568000637755102,623.712765455246,0.7763888888888889,0.9938045469238229,Apple___healthy
0.5808753967285156,0.3266882002353668,0.737994372844696,0.18076086044311523,0.5403849482536316,0.3275097608566284,49.11501693725586,26.36520004272461,88.15031433105469,71.51693725585938,189.44447326660156,46.65566635131836,0.0010921309003606439,0.31951653957366943,0.5204344987869263,0.039214324206113815,0.0049828472547233105,0.004266136325895786,0.032763928174972534,0.7901908159255981,0.0,0.0,0.032078348100185394,0.02075657621026039,0.7072212100028992,0.015904389321804047,0.021445468068122864,0.7054540514945984,0.031258102506399155,0.7690444588661194,0.13853853940963745,0.006698164623230696,0.005197483114898205,0.004758258815854788,0.4309152662754059,0.45013129711151123,1.7650250069663311,0.7286635655810569,0.3342346961170444,0.984747253122567,0.013412786989795918,0.5133729272959183,609.4701249599457,0.7726666666666666,0.9922559053586022,Potato___Early_blight
0.5842636823654175,0.3192243278026581,0.6525337100028992,0.2565004825592041,0.5326253771781921,0.3314676284790039,42.1215934753418,17.143531799316406,69.86272430419922,55.53082275390625,166.87109375,66.10392761230469,0.0,0.053252335637807846,0.7126266360282898,0.007547810208052397,0.0056981490924954414,0.006264980882406235,0.012201795354485512,0.6993210315704346,0.0,0.01907590962946415,0.02240755967795849,0.7180443406105042,0.007636260706931353,0.0065748500637710094,0.010407721623778343,0.6952240467071533,0.027851086109876633,0.8218436241149902,0.022105108946561813,0.007368369493633509,0.006320573855191469,0.00760496873408556,0.3805188238620758,0.42232924699783325,1.795826212895323,0.7897026792715016,0.3938056801589752,0.9890065692862284,0.0174984056122449,0.513671875,614.8843388557434,0.7685515034416134,0.98964002487949,Potato___Late_blight
0.5659129619598389,0.31917789578437805,0.6746378540992737,0.2327665537595749,0.5176118016242981,0.3281896114349365,44.038902282714844,18.376527786254883,81.7666244506836,63.232269287109375,172.59298706054688,59.468265533447266,0.011539286002516747,0.06457154452800751,0.7422395944595337,0.008510601706802845,0.006269375793635845,0.007238554768264294,0.012629612348973751,0.6666738986968994,0.03714871406555176,0.022177817299962044,0.009957387112081051,0.5167744755744934,0.36441949009895325,0.008599561639130116,0.014622736722230911,0.7732294201850891,0.06664742529392242,0.8171554207801819,0.0872533991932869,0.008585819974541664,0.00622471934184432,0.010875372216105461,0.37308964133262634,0.4251769483089447,1.6992525380419017,0.7784176386141375,0.3701795107231006,0.9884339422460026,0.024374202806122448,0.5422313456632653,628.2985509634018,0.771447375951468,0.991321934179077,Apple___Black_rot
0.6176124215126038,0.3230016529560089,0.8023005723953247,0.1554345041513443,0.5853787660598755,0.3161488175392151,44.755958557128906,14.630193710327148,82.39491271972656,68.68052673339844,204.97488403320312,38.50227355957031,0.0,0.010313439182937145,0.7125997543334961,0.040281347930431366,0.004773648921400309,0.004302177578210831,0.005981795024126768,0.7002825140953064,0.0,0.0,0.02134035713970661,0.014442168176174164,0.015997929498553276,0.709398090839386,0.007573331706225872,0.7041143774986267,0.012217209674417973,0.037900105118751526,0.7152566909790039,0.00564785860478878,0.004785817116498947,0.004607463721185923,0.013554860837757587,0.697540283203125,1.0436394948118806,0.9636562138812401,0.6579548712647327,0.9897714210952481,0.022181919642857144,0.5177774234693877,604.1564141511917,0.777838262868203,0.9933570214738143,Potato___Early_blight
0.6638879776000977,0.30696454644203186,0.8250110149383545,0.15892845392227173,0.6115245819091797,0.3203563988208771,43.75817108154297,12.109305381774902,78.50059509277344,63.547855377197266,210.07521057128906,40.647499084472656,0.0,0.0,0.5530378818511963,0.3225085437297821,0.008138283155858517,0.006975671276450157,0.007972195744514465,0.7680878639221191,0.0,0.0,0.0,0.0,0.010356536135077477,0.7452996969223022,0.009300910867750645,0.666584312915802,0.0,0.00933461356908083,0.7468847036361694,0.009247913956642151,0.005664347670972347,0.006357941310852766,0.007860727608203888,0.664722740650177,0.815442286478427,0.9670686125956991,0.6761810790808376,0.9915798807496347,0.013532366071428572,0.5297353316326531,612.8843373060226,0.7707796391752577,0.9927198657135852,Apple___healthy
0.5593928694725037,0.3590078353881836,0.7061693072319031,0.21666397154331207,0.5368973016738892,0.3414379060268402,45.595245361328125,14.594630241394043,83.07272338867188,70.4495849609375,179.65106201171875,55.40378189086914,0.010797873139381409,0.7081483602523804,0.008818747475743294,0.006956041790544987,0.004453030880540609,0.006286632269620895,0.009109796024858952,0.7057908773422241,0.0,0.0,0.0030839659739285707,0.7091968655586243,0.013171704486012459,0.006398508790880442,0.009540118277072906,0.7047870755195618,0.011258208192884922,0.7394306063652039,0.008891253732144833,0.007282937876880169,0.0046732183545827866,0.00804157741367817,0.07416458427906036,0.668877124786377,1.2001314086635273,0.9487831584902109,0.6445251188151162,0.9924659070022084,0.013392857142857142,0.5007374043367347,596.1564155817032,0.7736747137879542,0.9935280252486917,Apple___healthy
0.50579434633255,0.32105210423469543,0.6381704807281494,0.19248411059379578,0.4989655017852783,0.290719598531723,52.22062301635742,27.220041275024414,83.68977355957031,68.11100006103516,163.5974578857422,50.41551971435547,0.010052742436528206,0.7105960249900818,0.006528505124151707,0.0033509142231196165,0.004044206812977791,0.005488566122949123,0.7034319639205933,0.005950761493295431,0.0,0.0,0.008857888169586658,0.7106729745864868,0.007793791126459837,0.005176688078790903,0.703368067741394,0.007161085028201342,0.006848977878689766,0.7093836069107056,0.023398224264383316,0.004144660197198391,0.004262239206582308,0.02286911942064762,0.7040043473243713,0.0,1.7854228400071261,0.747390021320282,0.36845471225553994,0.9849834584657922,0.013333067602040817,0.5014947385204082,604.9848407506943,0.7747324539571926,0.9917760210278979,Apple___healthy
0.42896905541419983,0.3157866597175598,0.6466410756111145,0.1772662103176117,0.4041154086589813,0.30657199025154114,50.51213836669922,12.502564430236816,114.32461547851562,66.65221405029297,164.5620574951172,45.32743453979492,0.005855998955667019,0.9221571683883667,0.01759510673582554,0.006072887685149908,0.0029551105108112097,0.009570220485329628,0.010058220475912094,0.3860621452331543,0.0,0.0,0.0,0.013492141850292683,0.9213473200798035,0.007013772148638964,0.013144130818545818,0.38822034001350403,0.012019447050988674,0.9549282193183899,0.013058511540293694,0.006908373907208443,0.0038192635402083397,0.010868052020668983,0.15580348670482635,0.2516782283782959,1.1155808006179209,0.9465363775123541,0.6953272898615659,0.9904884331593157,0.014847735969387755,0.6967075892857143,697.6538883447647,0.7814416486291487,0.9944622182689411,Apple___healthy
0.6374613046646118,0.27918604016304016,0.7175199389457703,0.20364555716514587,0.5629256367683411,0.314625084400177,44.70746994018555,25.69579315185547,74.22103881835938,60.57157897949219,184.32843017578125,52.443477630615234,0.0,0.0039055803790688515,0.6166975498199463,0.18048903346061707,0.004705904517322779,0.0054742153733968735,0.02938789315521717,0.7656218409538269,0.0,0.0004042750224471092,0.026526661589741707,0.10193950682878494,0.6503541469573975,0.005193379241973162,0.02406991273164749,0.7518893480300903,0.029568728059530258,0.39697331190109253,0.5832442045211792,0.0062697031535208225,0.00570340733975172,0.0067955488339066505,0.4906143844127655,0.5104347467422485,1.7526117000571686,0.7299473843298632,0.3386445692043897,0.9847477662112731,0.015525350765306123,0.49912308673469385,606.1564153432846,0.774953095684803,0.9918754502521412,Potato___Early_blight
0.48454105854034424,0.31083768606185913,0.6389197707176208,0.20517706871032715,0.4634542167186737,0.298480749130249,49.20842742919922,13.709599494934082,88.19009399414062,55.43115234375,162.6811065673828,52.20002746582031,0.0,0.08638451993465424,0.869810938835144,0.008712285198271275,0.008564619347453117,0.008594152517616749,0.014471253380179405,0.4853185713291168,6.69968212605454e-05,0.019764062017202377,0.004890767857432365,0.77364581823349,0.2945850193500519,0.012394411489367485,0.01520827878266573,0.5602608919143677,0.022722985595464706,0.772923469543457,0.435916543006897,0.011855470947921276,0.010905512608587742,0.012577438727021217,0.26059237122535706,0.37910905480384827,1.0233372243631902,0.9428512077863855,0.6712706312560908,0.9921374441332531,0.019013073979591837,0.6491749043367347,673.7543948888779,0.7799574797062234,0.9944247651316803,Potato___Late_blight
0.5452238321304321,0.3575892150402069,0.6524755358695984,0.26121413707733154,0.5556426644325256,0.31218841671943665,54.6958122253418,29.277130126953125,76.57057189941406,61.11268615722656,167.5964813232422,67.29753112792969,0.00911690667271614,0.7339847683906555,0.019532013684511185,0.0045141964219510555,0.00380608718842268,0.003481537103652954,0.027763783931732178,0.6782211661338806,0.0025791004300117493,0.04997386038303375,0.027914967387914658,0.7031537890434265,0.005734705366194248,0.004642380401492119,0.02005629800260067,0.7084029912948608,0.048523008823394775,0.21330945193767548,0.7284588813781738,0.006367446389049292,0.005446851719170809,0.004986554384231567,0.4440334737300873,0.4735308587551117,2.5148680401346812,0.7248987391785592,0.32982323033482625,0.9857372796347269,0.02353714923469388,0.512336575255102,614.1980465650558,0.7735205890373602,0.9918988227066091,Potato___Late_blight
0.5238576531410217,0.29900404810905457,0.6827473640441895,0.16646403074264526,0.4872029721736908,0.29804882407188416,45.33984375,14.00888729095459,90.13749694824219,68.7000503540039,174.20571899414062,41.57405090332031,0.0,0.2688620388507843,0.6470945477485657,0.024742931127548218,0.007556625176221132,0.008258789777755737,0.7128639221191406,0.008325662463903427,0.0,0.0020386972464621067,0.034066926687955856,0.020977899432182312,0.7716616988182068,0.009927569888532162,0.6346257925033569,0.009218457154929638,0.03264417499303818,0.7728545069694519,0.02050231397151947,0.007326475344598293,0.006262954790145159,0.009453516453504562,0.6332674622535706,0.0,0.9784408278584218,0.9553836179890187,0.6503858334925818,0.9901042972483032,0.016083386479591837,0.5597098214285714,623.9554065465927,0.7745405647691618,0.9942998939096974,Potato___Early_blight
0.4785146117210388,0.3249146342277527,0.7274054884910583,0.14309483766555786,0.4884416162967682,0.2889249920845032,51.87177276611328,15.401535987854004,106.27066802978516,70.27173614501953,185.20199584960938,36.64949417114258,0.0017587702022865415,0.8735982179641724,0.02751624397933483,0.005503248888999224,0.008339975029230118,0.006893244571983814,0.014240365475416183,0.4855056703090668,0.0,0.0,0.0,0.0,0.8580231666564941,0.07108277827501297,0.012834792025387287,0.5085063576698303,0.0,0.018161393702030182,0.9247473478317261,0.0068847113288939,0.00946647860109806,0.008338809944689274,0.1959768682718277,0.3254213333129883,0.9002110411645396,0.9322028678580108,0.6323532712528749,0.990999394114291,0.015525350765306123,0.6367785395408163,666.9259691238403,0.7779333726415094,0.9942071304102105,Tomato___healthy
0.5239130258560181,0.3717131018638611,0.7287845015525818,0.18208351731300354,0.5406016111373901,0.32014065980911255,54.26255416870117,26.832359313964844,100.24097442626953,81.42451477050781,186.62879943847656,47.742530822753906,0.020547162741422653,0.7472043633460999,0.005916876718401909,0.003355840453878045,0.0032380917109549046,0.004592202603816986,0.02858351729810238,0.6636027097702026,0.0,0.0,0.0,0.01277119293808937,0.7463635206222534,0.005229832138866186,0.02034144662320614,0.6650844216346741,0.0046430849470198154,0.7258816361427307,0.268461674451828,0.0047953175380826,0.004909491632133722,0.005899001844227314,0.4334053695201874,0.46160638332366943,1.9731673348118268,0.7262504199073185,0.33644071204334686,0.9849610158011125,0.013352997448979591,0.5242546237244898,605.8132699728012,0.7751488095238095,0.993780525030525,Tomato___healthy
0.4515901803970337,0.36975541710853577,0.6404455304145813,0.18530702590942383,0.4074699878692627,0.3710660934448242,44.05147933959961,13.197173118591309,125.20761108398438,110.50358581542969,163.00906372070312,47.36140060424805,0.7080468535423279,0.009775908663868904,0.005190747790038586,0.004931210540235043,0.005248422734439373,0.007757284212857485,0.7059993743896484,0.0,0.0,0.0,0.007566161919385195,0.7046847939491272,0.008769869804382324,0.007623481098562479,0.7093849778175354,0.0,0.7150350213050842,0.006884515285491943,0.0051489234901964664,0.004512539599090815,0.006132425274699926,0.014868238940834999,0.6988361477851868,0.0,1.09958441269538,0.9587156820490719,0.6619745994223332,0.992302770217504,0.01327327806122449,0.49840561224489793,595.4701240062714,0.7696182066907101,0.992562000040097,Apple___healthy
0.5215893387794495,0.2966206967830658,0.6036486029624939,0.24011696875095367,0.4382016658782959,0.32960236072540283,41.586795806884766,15.232063293457031,95.55769348144531,62.69395446777344,154.3310546875,61.64133834838867,0.0,0.04657866060733795,0.8618642687797546,0.009888207539916039,0.005001929588615894,0.011073635891079903,0.011709719896316528,0.5046166181564331,0.00020286165818106383,0.03544282913208008,0.019938403740525246,0.8585105538368225,0.01020104344934225,0.007071177940815687,0.01185291726142168,0.5108926296234131,0.04224925860762596,0.921440601348877,0.012696348130702972,0.0066871545277535915,0.006933685392141342,0.010878182016313076,0.2662535309791565,0.27910396456718445,1.6270054454069645,0.8163767646400044,0.4524084728492739,0.988789939761133,0.022580516581632654,0.6312978316326531,690.7249578237534,0.7756362737830492,0.9862850140606099,Potato___Late_blight
0.49419182538986206,0.28917092084884644,0.6039028763771057,0.19065679609775543,0.4479222595691681,0.30076292157173157,42.52704620361328,12.66540241241455,89.87035369873047,75.8108139038086,153.76739501953125,48.24072265625,0.013100686483085155,0.7243308424949646,0.012312894687056541,0.007090126629918814,0.0068275295197963715,0.011291682720184326,0.6890552639961243,0.0,0.019701559096574783,0.003161617089062929,0.012646468356251717,0.7158135771751404,0.009601948782801628,0.01018743310123682,0.6977513432502747,0.0,0.0372614748775959,0.7325273752212524,0.008779829367995262,0.006486815400421619,0.007482465822249651,0.043114691972732544,0.6782191395759583,0.0,1.2349417997331247,0.9490353286944366,0.6461102413156277,0.9893794119939829,0.019909917091836735,0.5126155931122449,611.9554051160812,0.7621545781736107,0.9878827413073988,Apple___Black_rot
0.51777184009552,0.3237338066101074,0.6263132691383362,0.24581457674503326,0.46803662180900574,0.33285364508628845,43.953941345214844,15.059398651123047,89.619140625,63.91030502319336,159.85963439941406,61.815635681152344,0.0009324061684310436,0.12845449149608612,0.7917682528495789,0.00947946310043335,0.00764573086053133,0.009106500074267387,0.015322541818022728,0.5967710614204407,0.030902080237865448,0.028139213100075722,0.01900973543524742,0.8099108338356018,0.012252720072865486,0.00909944623708725,0.01312362402677536,0.5844066739082336,0.07259407639503479,0.8834075331687927,0.015282963402569294,0.009960051625967026,0.00760882580652833,0.010678481310606003,0.2500462830066681,0.3889645040035248,1.338834473920076,0.9283072262220017,0.6179279703019669,0.9918443666006788,0.025410554846938774,0.5939492984693877,649.5117543935776,0.7606787972641631,0.9913220430197945,Apple___Black_rot
0.4827578067779541,0.32024869322776794,0.6255607604980469,0.22578123211860657,0.4850330650806427,0.29268407821655273,54.72182083129883,25.178335189819336,88.6377944946289,56.69873809814453,160.68653869628906,57.55400466918945,0.0023526267614215612,0.6806114315986633,0.44074884057044983,0.009410507045686245,0.00835709273815155,0.005934237968176603,0.030162783339619637,0.5842941999435425,0.004207732621580362,0.06463353335857391,0.018969286233186722,0.765772819519043,0.25818923115730286,0.011002185754477978,0.023211507126688957,0.5845643877983093,0.05717829614877701,0.0953192338347435,0.9059465527534485,0.009932535700500011,0.008972390554845333,0.006919666659086943,0.2778792381286621,0.2991017699241638,1.8970105696087094,0.7379375327968549,0.36899872066490486,0.986031735749458,0.02564971301020408,0.638671875,727.1513627767563,0.7905235667205571,0.9737737063022764,Potato___Late_blight
0.6250380873680115,0.27806395292282104,0.7500185370445251,0.16954734921455383,0.5496068000793457,0.31271547079086304,45.9653434753418,25.27954864501953,85.21875,67.64111328125,192.75164794921875,43.04316329956055,0.0,0.0025660230312496424,0.6470925211906433,0.19755129516124725,0.007373256143182516,0.007827994413673878,0.03176671639084816,0.7356041073799133,0.0,0.0008425308624282479,0.04462043568491936,0.015603671781718731,0.5794253349304199,0.2459516078233719,0.029522281140089035,0.775027334690094,0.043054383248090744,0.31987249851226807,0.6744920611381531,0.00998478289693594,0.007947887293994427,0.00994484405964613,0.46397289633750916,0.47471651434898376,1.3401034724277012,0.7198204831106563,0.323370572779839,0.9857845597166045,0.022221779336734693,0.5221819196428571,611.3696173429489,0.7713499851323223,0.9921213164285851,Potato___Early_blight
0.5523183345794678,0.3539057672023773,0.6648184061050415,0.24902157485485077,0.5470281839370728,0.321933388710022,47.44327926635742,16.917634963989258,73.67139434814453,60.72067642211914,169.36953735351562,63.40065002441406,0.005888093262910843,0.7232202887535095,0.010180890560150146,0.005424006842076778,0.0049309153109788895,0.005482017528265715,0.009861830621957779,0.690386176109314,0.0,0.02149212919175625,0.014689709059894085,0.7096214294433594,0.007036986295133829,0.006069400813430548,0.008297779597342014,0.7039918303489685,0.02197212725877762,0.7982985973358154,0.021278271451592445,0.006806403398513794,0.006013424135744572,0.0071037705056369305,0.2489623725414276,0.5474198460578918,1.5696916124681515,0.896457448968911,0.537404579805806,0.9911163347731116,0.018415178571428572,0.5077925701530612,599.7127656936646,0.7746173704591555,0.9928308352864712,Potato___Late_blight
0.6066371202468872,0.3004463016986847,0.7256002426147461,0.18932661414146423,0.5405564308166504,0.3263508081436157,41.410255432128906,11.071288108825684,83.59243774414062,69.78215026855469,185.05357360839844,47.74999237060547,0.0,0.008893905207514763,0.7163262367248535,0.028149355202913284,0.005723800044506788,0.006457620766013861,0.010244134813547134,0.6970120668411255,0.0,0.0,0.018537312746047974,0.01707538031041622,0.7127217054367065,0.008683883585035801,0.009180940687656403,0.7008800506591797,0.023188620805740356,0.8082131743431091,0.017640627920627594,0.007175848353654146,0.006278867367655039,0.007541285362094641,0.27952587604522705,0.5173587203025818,0.9982868531368579,0.9211439227031782,0.5857225631018325,0.9913407483441933,0.013372927295918368,0.5122568558673469,605.4701243638992,0.7720831436807768,0.9927041473216027,Potato___Early_blight
0.5856987833976746,0.32884839177131653,0.760552167892456,0.16370202600955963,0.5765737295150757,0.29970794916152954,51.6645622253418,27.331192016601562,84.44365692138672,69.52589416503906,195.2417755126953,42.00770950317383,0.0014353172155097127,0.3689448833465576,0.4571143686771393,0.03584875538945198,0.0041009061969816685,0.005741268862038851,0.033798303455114365,0.8077418804168701,0.0,0.0007952741580083966,0.027138732373714447,0.01196224894374609,0.5435367822647095,0.2553492784500122,0.02521681971848011,0.7986540794372559,0.026232823729515076,0.05630289390683174,0.7921475172042847,0.0064884377643466,0.004639581777155399,0.006104712840169668,0.4223414659500122,0.4360857903957367,1.6316203465640922,0.721081825136252,0.3271102828607725,0.9842474435147364,0.01709980867346939,0.5028300382653061,601.2274839878082,0.7747975551487698,0.9927844478015425,Potato___Early_blight
0.5595213174819946,0.32593661546707153,0.6753107309341431,0.22750042378902435,0.5174345970153809,0.32891350984573364,43.44062805175781,13.202146530151367,81.20423889160156,63.622459411621094,172.28012084960938,57.382625579833984,0.0,0.06499164551496506,0.7419180274009705,0.007644312456250191,0.005515896249562502,0.006535138003528118,0.010402260348200798,0.6671536564826965,2.9551054467447102e-05,0.03557946905493736,0.008244744502007961,0.7471688389778137,0.011672666296362877,0.007210457231849432,0.009426786564290524,0.6634211540222168,0.03775135800242424,0.835894763469696,0.015666648745536804,0.007010496687144041,0.006418060045689344,0.00766875920817256,0.258960485458374,0.4820786118507385,1.338763598704982,0.9425663078712683,0.6328905069051516,0.9910017116302491,0.021524234693877552,0.5399992028061225,619.6122599840164,0.7733333333333333,0.9930881126656166,Potato___Late_blight
0.5347338914871216,0.34520411491394043,0.6503249406814575,0.24941661953926086,0.49098050594329834,0.34893038868904114,44.69662857055664,19.507768630981445,90.40364074707031,70.85628509521484,166.6387939453125,63.518165588378906,0.017408959567546844,0.7544581294059753,0.0445561483502388,0.0061425757594406605,0.006801779381930828,0.007191308308392763,0.012524861842393875,0.65437912940979,0.029696542769670486,0.01676417700946331,0.01697373017668724,0.7506160140037537,0.008651512674987316,0.009010745212435722,0.01092665083706379,0.6594308614730835,0.06718240678310394,0.8452547192573547,0.011185803450644016,0.007468466646969318,0.007164320908486843,0.008752637542784214,0.3586215674877167,0.3900161683559418,2.097892339874982,0.8111708997916736,0.4340848132091755,0.987529497064904,0.022022480867346938,0.5416135204081632,631.470122218132,0.7810813980764719,0.9862090668443754,Apple___Black_rot
0.5808641910552979,0.33264973759651184,0.7167285084724426,0.2258482575416565,0.5219652056694031,0.34858468174934387,43.56251907348633,12.695874214172363,90.42845153808594,68.69042205810547,182.59393310546875,57.13523864746094,0.0006187978433445096,0.042814917862415314,0.7843999266624451,0.009105168282985687,0.006836242973804474,0.006747843232005835,0.00942930020391941,0.6185621023178101,0.01299410779029131,0.015728162601590157,0.004733148030936718,0.017727255821228027,0.7809106111526489,0.009554491378366947,0.009554491378366947,0.6238935589790344,0.03444242104887962,0.7859350442886353,0.019227132201194763,0.007696796674281359,0.006478384602814913,0.007459057494997978,0.013075638562440872,0.616783857345581,1.6457106669936765,0.9291003442322455,0.6193177331005064,0.988888760006163,0.02800143494897959,0.5664859693877551,631.0264738798141,0.7707860445565363,0.9924946325797896,Apple___Black_rot
0.5348999500274658,0.3454483151435852,0.6410341858863831,0.2500773072242737,0.48691824078559875,0.35104048252105713,41.93939208984375,12.788580894470215,92.03945922851562,79.02045440673828,163.3957061767578,63.27220153808594,0.03421555086970329,0.715437650680542,0.00585109693929553,0.003059202805161476,0.0038017279002815485,0.003534418996423483,0.027117012068629265,0.6972606778144836,0.03810089826583862,0.006730664521455765,0.01559616532176733,0.6935846209526062,0.003647011937573552,0.004417925141751766,0.006552761420607567,0.7191136479377747,0.05753307789564133,0.6919054985046387,0.004436998162418604,0.0028692588675767183,0.003638338763266802,0.004141198471188545,0.7196515798568726,2.9579989131889306e-05,2.0728636037681416,0.9548007580573067,0.6437152952240607,0.9880199126016149,0.02760283801020408,0.5069555165816326,602.1564160585403,0.7774827075098815,0.9896040090399921,Potato___Late_blight
0.46439018845558167,0.32025203108787537,0.7212661504745483,0.1411738246679306,0.475882351398468,0.2847946286201477,52.567501068115234,15.116724967956543,109.3250961303711,69.26746368408203,183.62461853027344,36.15980911254883,0.001430267351679504,0.8919820189476013,0.02535219117999077,0.011498227715492249,0.0017107119783759117,0.010152094066143036,0.014162451028823853,0.4508707523345947,0.0,0.0,0.0,0.0,0.8776301741600037,0.07382792234420776,0.01199918519705534,0.4734666645526886,0.0,0.018480520695447922,0.9365507960319519,0.013021030463278294,0.0021312448661774397,0.012933445163071156,0.18550589680671692,0.29627224802970886,0.9363091258190825,0.9311398754189673,0.6385623711796735,0.9903611128973542,0.015206473214285714,0.6592394770408163,682.9259669780731,0.7743764172335601,0.9930332586175562,Tomato___healthy
0.5865000486373901,0.30247971415519714,0.6685660481452942,0.2364451289176941,0.5363794565200806,0.31332698464393616,43.14349365234375,18.538528442382812,70.43959045410156,53.38548278808594,171.44549560546875,59.81980514526367,0.0,0.03504156693816185,0.7532753348350525,0.010417763143777847,0.007221403997391462,0.007990897633135319,0.014620383270084858,0.6564374566078186,0.0027421775739639997,0.04889703169465065,0.0121703390032053,0.7198370099067688,0.04994460567831993,0.008965997025370598,0.01309466827660799,0.6903201341629028,0.050192590802907944,0.3297741115093231,0.6932901740074158,0.011127225123345852,0.009566211141645908,0.01168758887797594,0.4393652677536011,0.4633408486843109,1.8410678062599288,0.7733799228651494,0.3670824069353973,0.9870902110616562,0.0264469068877551,0.5361128826530612,627.0853480100632,0.766984417424153,0.989868403511779,Potato___Late_blight
0.607768177986145,0.28124234080314636,0.7024410963058472,0.19987739622592926,0.559400737285614,0.29066213965415955,42.89564895629883,12.447875022888184,67.29135131835938,51.834049224853516,179.45957946777344,50.03585433959961,0.0,0.0045394496992230415,0.7461421489715576,0.06134229898452759,0.006749444641172886,0.006271607708185911,0.010661733336746693,0.6627894639968872,0.0,0.0,0.03777354210615158,0.026828138157725334,0.7444064617156982,0.008417254313826561,0.008952626958489418,0.6660040616989136,0.021132435649633408,0.043529488146305084,0.8333501219749451,0.009418077766895294,0.007288194261491299,0.007853944785892963,0.2645714282989502,0.48268479108810425,0.995760324530383,0.9488313420582236,0.634491393457574,0.9912652175613794,0.013811383928571428,0.5428691007653061,618.8843379020691,0.774032943067034,0.9929687643799813,Potato___Early_blight
0.531855583190918,0.3452024757862091,0.6628939509391785,0.23701326549053192,0.4990902841091156,0.33970406651496887,50.47251510620117,26.79322052001953,88.98871612548828,67.53276824951172,170.01512145996094,61.28801345825195,0.022100865840911865,0.7297080159187317,0.1225823387503624,0.004711057059466839,0.0030036941170692444,0.004489732440561056,0.028171490877866745,0.6716892719268799,0.02452465333044529,0.014908985234797001,0.009834918193519115,0.7315112352371216,0.0896105170249939,0.003946496173739433,0.022394798696041107,0.6748508214950562,0.05198563635349274,0.8519312739372253,0.01906139962375164,0.004098867531865835,0.0039322469383478165,0.00503194285556674,0.3575345575809479,0.3784954249858856,2.4966195350226847,0.7244773912620358,0.33679017613550327,0.9842639022198507,0.021524234693877552,0.5497050382653061,634.5411906242371,0.7738699847638395,0.9918812382467814,Apple___Black_rot
0.4874711036682129,0.31277263164520264,0.6641931533813477,0.18619056046009064,0.4868544042110443,0.2849508225917816,51.632850646972656,15.037900924682617,89.15218353271484,56.719329833984375,169.06524658203125,47.61598587036133,0.0,0.07505254447460175,0.8664891123771667,0.009612352587282658,0.0066817570477724075,0.008791785687208176,0.010638060979545116,0.49318987131118774,0.0,0.0,0.0,0.017106225714087486,0.880859911441803,0.006670874543488026,0.011348790489137173,0.4728847146034241,0.0,0.018073473125696182,0.9281156063079834,0.010732046328485012,0.006958139594644308,0.009523216634988785,0.18220891058444977,0.32375988364219666,1.0228434319368127,0.9532344889243191,0.6911205742039319,0.990989189517132,0.014987244897959183,0.6460259885204082,672.2396738529205,0.7746913580246914,0.9943670690188796,Apple___healthy
0.49881651997566223,0.2922166883945465,0.6100373268127441,0.2235695719718933,0.4356025457382202,0.3084797263145447,45.599571228027344,18.101499557495117,94.54683685302734,57.853729248046875,155.9468536376953,57.18531799316406,0.009924705140292645,0.045790933072566986,0.8913930058479309,0.01158358994871378,0.004776443354785442,0.0077223931439220905,0.013557090424001217,0.4503585398197174,0.02717750146985054,0.010668614879250526,0.009859072975814342,0.8856685161590576,0.03585117310285568,0.006707638967782259,0.013097243383526802,0.46167057752609253,0.04332367330789566,0.9328060150146484,0.057290058583021164,0.0047999778762459755,0.0074012563563883305,0.009104474447667599,0.24984659254550934,0.24925820529460907,1.55122161669822,0.8433189563310615,0.5288721688556939,0.988036582953773,0.02228156887755102,0.6647401147959183,697.5533826351166,0.7766862823248072,0.9927926038029878,Apple___Black_rot
0.5647457838058472,0.3311799466609955,0.7192296385765076,0.18831118941307068,0.5389202833175659,0.318937212228775,45.74736785888672,14.018417358398438,81.47139739990234,65.81492614746094,183.0966796875,48.12847900390625,3.372443825355731e-05,0.37929874658584595,0.5042140483856201,0.007756620645523071,0.005395910236984491,0.007149580866098404,0.012680388987064362,0.7756283283233643,0.0,0.0,0.0,0.012086659669876099,0.7433438897132874,0.007722829934209585,0.008670239709317684,0.6686994433403015,0.0007793707773089409,0.8247690796852112,0.026271289214491844,0.007241653278470039,0.005975175648927689,0.007371548097580671,0.25121715664863586,0.5057791471481323,1.0521525776853402,0.9565817566218716,0.6603960151711097,0.991649261005541,0.013612085459183673,0.5256497130102041,618.7838324308395,0.7718297369198935,0.9923797579005378,Apple___healthy
0.5592812299728394,0.25566983222961426,0.6941660642623901,0.140314981341362,0.5381184220314026,0.24563322961330414,52.562660217285156,28.986127853393555,73.45559692382812,55.47049331665039,178.4956817626953,35.53139114379883,0.0,0.007731716148555279,0.7382302284240723,0.05123749002814293,0.005798787344247103,0.006363797001540661,0.672421395778656,0.010318866930902004,0.0,3.0217026505852118e-05,0.04363338649272919,0.013930048793554306,0.725933849811554,0.034084804356098175,0.6852617263793945,0.013295491226017475,0.006104455795139074,0.05152878910303116,0.7348687648773193,0.010862341150641441,0.006134379655122757,0.015919463708996773,0.6759188771247864,0.00011969521438004449,1.3906921721085426,0.7483324681935806,0.36623365557813986,0.9795456018424383,0.022739955357142856,0.5347177933673469,627.6122596263885,0.7721163959331542,0.9888683092926231,Potato___Early_blight
0.483562707901001,0.393105149269104,0.672960638999939,0.22538380324840546,0.47814488410949707,0.3605991303920746,48.35148239135742,15.62477970123291,108.31614685058594,86.79733276367188,171.2421875,57.574398040771484,0.4415645897388458,0.4916417598724365,0.007001879159361124,0.005457346793264151,0.005594638641923666,0.006006513722240925,0.014621570706367493,0.7502993941307068,0.0,0.0,0.005206203553825617,0.772463321685791,0.00763767259195447,0.006207396741956472,0.008896315470337868,0.634899377822876,0.017598161473870277,0.845251739025116,0.00708373636007309,0.005177798215299845,0.006130767520517111,0.006543720606714487,0.21924640238285065,0.4868400990962982,1.4316439746282008,0.9618210882596122,0.6716849033926091,0.991885378725568,0.013811383928571428,0.5453802614795918,616.8843381404877,0.776073883161512,0.9942036429003797,Apple___healthy
0.6452724933624268,0.254971981048584,0.7384810447692871,0.1658097505569458,0.6078033447265625,0.2586633861064911,50.27349853515625,28.909395217895508,57.38803482055664,44.11481857299805,189.3730010986328,43.4316520690918,0.0,0.00013359090371523052,0.18235158920288086,0.6564990878105164,0.007447693031281233,0.00624537467956543,0.09775514155626297,0.7253317832946777,0.0,0.0,0.002822097158059478,0.016841547563672066,0.7355659604072571,0.015870504081249237,0.07907941192388535,0.6724177598953247,0.0,0.015227668918669224,0.740709662437439,0.14765463769435883,0.006843493785709143,0.0065210252068936825,0.5840975642204285,0.2967424690723419,1.450259670808642,0.737512679124529,0.3541834792353106,0.9825611775963106,0.013432716836734694,0.503288424744898,625.5117527246475,0.7727118119975263,0.9863043435360054,Potato___Early_blight
0.46368229389190674,0.33982476592063904,0.7010795474052429,0.16474485397338867,0.5151181221008301,0.2725699543952942,56.00893020629883,20.49094009399414,109.39501190185547,72.6495132446289,178.9025421142578,42.82947540283203,0.005749463103711605,0.8719736933708191,0.01366906613111496,0.006679523270577192,0.005326708313077688,0.007355930749326944,0.014401840977370739,0.48898619413375854,0.0,0.0,0.0,0.0060761673375964165,0.8696965575218201,0.011708414182066917,0.011375472880899906,0.493279367685318,0.0,0.011846575886011124,0.9260321855545044,0.010951368138194084,0.006714054383337498,0.008952071890234947,0.25749143958091736,0.27527621388435364,1.3529683563485515,0.7837084679095753,0.3887298663491219,0.9874126457371138,0.015027104591836735,0.6328125,671.2691128253937,0.7742832533530208,0.9933383847951001,Tomato___healthy
0.5584038496017456,0.3200518786907196,0.7512649893760681,0.15122094750404358,0.516560435295105,0.32283031940460205,46.748046875,18.29348373413086,95.68895721435547,73.7033462524414,191.8779296875,39.43748474121094,0.0,0.08037320524454117,0.7516260147094727,0.0072790831327438354,0.006065902765840292,0.006611833814531565,0.01546805165708065,0.6543895602226257,0.0,0.0,0.0,0.0010212492197751999,0.68315190076828,0.20243073999881744,0.013180498033761978,0.7015343904495239,0.0034134627785533667,0.8545919060707092,0.05421771854162216,0.007025768049061298,0.006628083065152168,0.008086261339485645,0.3429701626300812,0.38592013716697693,1.2199894185413507,0.7788438393086455,0.37264059010771233,0.9878279338437415,0.013751594387755101,0.5516780931122449,625.4701237678528,0.7734326505276226,0.9927927275361269,Tomato___healthy
0.5759608745574951,0.3052135705947876,0.6998531818389893,0.19329139590263367,0.552340030670166,0.29080304503440857,45.62541961669922,15.759384155273438,73.07023620605469,59.71359634399414,179.19227600097656,47.79152297973633,0.0,0.011446197517216206,0.7271144986152649,0.03318509832024574,0.0037266688887029886,0.005235082469880581,0.01798265613615513,0.6853521466255188,0.0,0.007730772253125906,0.03329267352819443,0.019874896854162216,0.711793839931488,0.005153848323971033,0.007138376124203205,0.7012195587158203,0.0380474254488945,0.021203357726335526,0.7098824977874756,0.005901354365050793,0.0037365357857197523,0.00575307896360755,0.7029135823249817,0.0005337908514775336,1.505846015762577,0.9572799369138233,0.6495075748397743,0.9870661128641003,0.027323820153061226,0.5195511798469388,632.2985506057739,0.7832672965559281,0.9757755249269089,Potato___Early_blight
0.39985236525535583,0.30937477946281433,0.6026596426963806,0.14956414699554443,0.3928969204425812,0.28591588139533997,49.56638717651367,14.824085235595703,112.04818725585938,79.92613983154297,153.21568298339844,38.280731201171875,0.013932538218796253,0.8412626385688782,0.00748017430305481,0.007879878394305706,0.00690916832536459,0.014988898299634457,0.5400856733322144,0.0,0.0,0.0,0.00036445079604163766,0.8395264744758606,0.011914737522602081,0.01180259883403778,0.543059766292572,0.0,0.012260808609426022,0.9011389017105103,0.00826537050306797,0.009607349522411823,0.007136888336390257,0.3746866285800934,0.2172480970621109,0.0,0.9881084046963111,0.8554513109962885,0.4288622547364462,0.9890473651237025,0.014927455357142858,0.6019411670918368,650.7838318347931,0.7792042081141607,0.9938059416463243,Apple___healthy
0.5583605766296387,0.3064034879207611,0.6454213261604309,0.22957296669483185,0.4977564513683319,0.3272683918476105,40.84550476074219,10.442214012145996,81.7741928100586,66.31208801269531,164.3121337890625,58.37456130981445,0.0,0.04953474551439285,0.7465463280677795,0.0067768394947052,0.00583476759493351,0.006655281875282526,0.04780254885554314,0.6616687178611755,0.0019960226491093636,0.028391188010573387,0.015193604864180088,0.7355194687843323,0.007715968415141106,0.0066434782929718494,0.023088321089744568,0.6762644052505493,0.040203627198934555,0.7278832793235779,0.008583460003137589,0.005692809820175171,0.00507338484749198,0.008200005628168583,0.684376060962677,0.0,1.3078767500208266,0.9250799505936593,0.5996329057193999,0.991057139458015,0.018594547193877552,0.5246930803571429,619.1269789934158,0.7760705139658151,0.988657486438299,Potato___Late_blight
0.5214662551879883,0.3600563406944275,0.6922968626022339,0.20702828466892242,0.5396357774734497,0.30849263072013855,50.423866271972656,17.66014289855957,91.50296783447266,73.05461120605469,176.25514221191406,52.93473434448242,0.009217847138643265,0.7663567066192627,0.00826127827167511,0.005913335829973221,0.005159675609320402,0.006029283627867699,0.011391867883503437,0.6421186923980713,0.0,0.0,0.0,0.29242274165153503,0.6039617657661438,0.008419080637395382,0.010499089024960995,0.741308331489563,0.0,0.08780163526535034,0.8203796744346619,0.008079905062913895,0.0066659217700362206,0.0076422435231506824,0.25421401858329773,0.5044553875923157,1.2387046946234308,0.9453120395908535,0.6425780838478596,0.9912720718130683,0.014309630102040817,0.5398995535714286,619.5706280469894,0.776743310552531,0.9932603825288377,Apple___healthy
0.5289865732192993,0.3586146831512451,0.7162834405899048,0.18800364434719086,0.5002350211143494,0.3492136597633362,45.73606872558594,13.885896682739258,98.42657470703125,80.37325286865234,182.36685180664062,48.072853088378906,0.008982605300843716,0.7558469772338867,0.00962214358150959,0.006162822712212801,0.004796536639332771,0.0065116616897284985,0.012267505750060081,0.6544220447540283,0.0,0.0,0.0,0.012233971618115902,0.7539687752723694,0.008558036759495735,0.009534456767141819,0.6566713452339172,0.012562671676278114,0.8380590081214905,0.00882608164101839,0.006893363315612078,0.005347188096493483,0.008439538069069386,0.2533472180366516,0.4827931225299835,1.2176098247142368,0.9519026731961586,0.6564193254335556,0.9913875212180082,0.01446906887755102,0.5330636160714286,618.5411915779114,0.7702312138728323,0.9925512104283054,Apple___healthy
0.4117867648601532,0.3518035411834717,0.6556435227394104,0.18424050509929657,0.49758073687553406,0.2656588554382324,58.926361083984375,19.234468460083008,121.81864166259766,77.3357162475586,166.8301239013672,47.157447814941406,0.012002534233033657,0.9002730250358582,0.008545583114027977,0.006333134602755308,0.005337532609701157,0.007937160320580006,0.01247267983853817,0.4347461760044098,0.0,0.0,0.0,0.014247432351112366,0.8973147869110107,0.007656969595700502,0.01197768747806549,0.4409320652484894,0.0,0.012212801724672318,0.9400112628936768,0.010398163460195065,0.0053863064385950565,0.01068620104342699,0.17354275286197662,0.2930208146572113,1.0378498335981012,0.9537667375613994,0.696999197044264,0.991654337155587,0.015306122448979591,0.6642817283163265,683.9970350265503,0.7756556241635949,0.9939527957037773,Tomato___healthy
0.5173352360725403,0.31341367959976196,0.744702935218811,0.13776879012584686,0.5193164348602295,0.28147396445274353,50.65646743774414,15.393778800964355,95.43901824951172,65.721435546875,189.6167449951172,35.28978729248047,0.0,0.018846845254302025,0.8496761918067932,0.00835419911891222,0.006272777449339628,0.006500878371298313,0.014370362274348736,0.5266281962394714,0.0,0.0,0.0,0.0,0.03094813972711563,0.8432801365852356,0.011336315423250198,0.5364627838134766,0.0,0.018637944012880325,0.9046991467475891,0.01013855542987585,0.007345899473875761,0.007679804228246212,0.19818751513957977,0.37640145421028137,0.7873547619167314,0.9561665776567813,0.6779817258253752,0.9913341118253902,0.014847735969387755,0.6126833545918368,656.0975403785706,0.7755429386154747,0.9945961830440958,Tomato___healthy
0.6647537350654602,0.31000441312789917,0.7982314825057983,0.19762949645519257,0.6369917988777161,0.30981993675231934,49.15660858154297,26.61703109741211,65.04179382324219,53.63445281982422,204.2286376953125,50.24829864501953,0.0,0.0019927537068724632,0.5041002631187439,0.3594263792037964,0.005679348483681679,0.005081522278487682,0.004948671907186508,0.7852446436882019,0.0,0.010654683224856853,0.04699864611029625,0.006212643347680569,0.08334261178970337,0.6670204401016235,0.005653505213558674,0.738745391368866,0.0,0.05473525449633598,0.670249879360199,0.08838015049695969,0.0052959551103413105,0.004361374769359827,0.005327107850462198,0.7347670793533325,1.8473715035492393,0.8209939176795272,0.478169763345451,0.9842091693043618,0.02321827168367347,0.5126554528061225,616.5411928892136,0.7710047704233751,0.9901026112259744,Apple___Black_rot
0.3183825612068176,0.42084649205207825,0.6913663744926453,0.1568334549665451,0.4016396403312683,0.32902002334594727,55.77064895629883,17.42813491821289,168.9376983642578,111.7678451538086,175.9988250732422,40.19205093383789,0.8943255543708801,0.008255993016064167,0.0024298573844134808,0.0048597147688269615,0.007455244194716215,0.0033134417608380318,0.017947809770703316,0.44687286019325256,0.0,0.0,0.0,0.007173181977123022,0.886791467666626,0.006707746535539627,0.011143072508275509,0.4619310200214386,0.018098212778568268,0.8846684694290161,0.008408707566559315,0.0033968952484428883,0.009578131139278412,0.004315727390348911,0.46565309166908264,0.0029514008201658726,1.1039670729640372,0.9533127841683309,0.6918292719267172,0.9914215361444748,0.014449139030612245,0.6524234693877551,677.6122601032257,0.7906755702866056,0.9950619555882714,Tomato___healthy
0.5532255172729492,0.33214718103408813,0.6387137770652771,0.25933632254600525,0.4989769160747528,0.34636634588241577,41.2534065246582,11.38961124420166,82.65933990478516,65.56267547607422,162.95652770996094,65.6073226928711,0.0,0.5972946286201477,0.3018166124820709,0.006338582374155521,0.0070391627959907055,0.006972440518438816,0.011576252989470959,0.7428818941116333,0.0,0.050376392900943756,0.02403167262673378,0.7364506125450134,0.0063984328880906105,0.0069091059267520905,0.009041916579008102,0.6740583777427673,0.06691493093967438,0.8220219016075134,0.008127991110086441,0.006303340196609497,0.006236989051103592,0.007862587459385395,0.23129941523075104,0.5158454775810242,1.6546763817031187,0.8906172662325648,0.5157736445175085,0.9907521752695436,0.026426977040816327,0.5382254464285714,625.9554048776627,0.7786255096097845,0.9870791494388659,Potato___Late_blight
0.5672539472579956,0.28619837760925293,0.713428258895874,0.1483181118965149,0.5161888003349304,0.3018076717853546,43.106407165527344,12.162081718444824,85.46340942382812,71.97777557373047,181.38197326660156,37.85923767089844,0.0,0.010176788084208965,0.7340548634529114,0.00588120287284255,0.004497390706092119,0.004353243391960859,0.6789041757583618,0.008677657693624496,0.0,0.0,0.0,0.009871253743767738,0.7361134886741638,0.007223570719361305,0.6765981912612915,0.014216908253729343,0.002162233227863908,0.7280095219612122,0.01649063266813755,0.00536233838647604,0.0039785089902579784,0.0052470192313194275,0.6853126287460327,0.0,0.9338657936731369,0.9747636249023539,0.682418251772026,0.9889095897018927,0.013472576530612245,0.5186742665816326,599.8132698535919,0.7783013169022592,0.9939057316979094,Apple___healthy
0.4977261424064636,0.3826715350151062,0.7965888381004333,0.155640110373497,0.5332077145576477,0.35451754927635193,42.25908660888672,29.454065322875977,112.90794372558594,86.09970092773438,202.83338928222656,39.902374267578125,0.011256024241447449,0.8572678565979004,0.013631667010486126,0.003817998105660081,0.006815833505243063,0.0058825453743338585,0.005939108319580555,0.5144398808479309,0.0,0.0,0.0,0.0,0.011148054152727127,0.8571491241455078,0.011815269477665424,0.5148121118545532,0.0,0.054377481341362,0.8479986786842346,0.005075231660157442,0.0076273479498922825,0.006467294879257679,0.006583300419151783,0.5270410180091858,1.0903981723800136,0.9621986974852691,0.6916771556891272,0.9907423098217736,0.015306122448979591,0.6247409119897959,660.6833281517029,0.7789438050101557,0.9941910705712914,Tomato___healthy
0.5581018924713135,0.3516411781311035,0.6905031800270081,0.23541352152824402,0.5323694348335266,0.3396473824977875,44.92743682861328,17.461345672607422,82.18824005126953,69.70926666259766,176.292724609375,58.90232849121094,0.014583704061806202,0.7114742994308472,0.012128731235861778,0.004851492587476969,0.006049752701073885,0.005406783893704414,0.009615307673811913,0.7023265957832336,0.04379824176430702,0.01264690887182951,0.00838689785450697,0.5344650149345398,0.24431832134723663,0.009485181421041489,0.009152368642389774,0.8076715469360352,0.06691459566354752,0.7829553484916687,0.012005064636468887,0.00603663781657815,0.00716211274266243,0.00716211274266243,0.27563902735710144,0.5533925890922546,1.3573717315708276,0.9274644472760059,0.6035763012197913,0.9915125348201211,0.023278061224489797,0.5048030931122449,594.1564141511917,0.7768518231667648,0.9939355503587142,Apple___Black_rot
0.5778564810752869,0.3764457702636719,0.7635708451271057,0.20425060391426086,0.5390321612358093,0.3721265196800232,45.028202056884766,13.563909530639648,96.65973663330078,80.17450714111328,194.44772338867188,52.204505920410156,0.007860983721911907,0.7374585866928101,0.014421437866985798,0.0033813791815191507,0.0037281871773302555,0.003352478379383683,0.004768611863255501,0.6751487255096436,0.0,0.0,0.0,0.010907026939094067,0.7405357360839844,0.0040829973295331,0.00522509403526783,0.6718957424163818,0.011067924089729786,0.7422426342964172,0.005476316437125206,0.0032281444873660803,0.003689307952299714,0.003919889684766531,0.006629225332289934,0.6699552536010742,1.7374512716063961,0.9268585059474677,0.6062067628053123,0.9889655695384891,0.013612085459183673,0.5259685905612245,609.4701235294342,0.7745894349914033,0.9936872528141162,Tomato___healthy
0.5884456634521484,0.28533992171287537,0.6925852298736572,0.20001831650733948,0.5149006247520447,0.314970999956131,41.32651138305664,11.032929420471191,84.62890625,63.96733474731445,177.1005401611328,49.825069427490234,0.0,0.007044558878988028,0.7756240367889404,0.06632120907306671,0.008038022555410862,0.010596943087875843,0.015594366006553173,0.627327024936676,0.0,0.0,0.047336116433143616,0.034341298043727875,0.768955647945404,0.01109534502029419,0.014743542298674583,0.6363542079925537,0.027409492060542107,0.8042916059494019,0.19102701544761658,0.012153609655797482,0.0106207225471735,0.012080615386366844,0.29697874188423157,0.47672808170318604,1.0068334435138449,0.9023629046852792,0.5386715261729939,0.99128211156013,0.015385841836734694,0.562858737244898,641.9554063081741,0.7796524522051599,0.9853468156821004,Potato___Early_blight
0.40203556418418884,0.4133088290691376,0.6816917061805725,0.17770379781723022,0.38348060846328735,0.38993173837661743,48.036231994628906,14.540841102600098,141.12364196777344,108.63109588623047,173.47494506835938,45.51253890991211,0.8248957991600037,0.007212363183498383,0.006920364685356617,0.004175578709691763,0.005343572702258825,0.007007964421063662,0.046369362622499466,0.5632067322731018,0.0,0.0,0.0,0.018287857994437218,0.8053569793701172,0.009187129326164722,0.02013104408979416,0.5920946002006531,0.8057523369789124,0.0071267676539719105,0.007012739311903715,0.003962482791393995,0.005815442651510239,0.008637642487883568,0.5920633673667908,0.0,1.2368001757023066,0.9420385183701996,0.6479409161071752,0.991996471757483,0.014329559948979591,0.5710499043367347,633.7127647399902,0.7800912564250571,0.9938541812578793,Tomato___healthy
0.5662552714347839,0.34835562109947205,0.6609401106834412,0.2600301504135132,0.5497215986251831,0.32719936966896057,50.66181182861328,27.99319076538086,71.91392517089844,58.461082458496094,169.93370056152344,66.83646392822266,0.005483155604451895,0.6826224327087402,0.07664232701063156,0.0037163610104471445,0.0035640511196106672,0.004843453876674175,0.0253443643450737,0.7262439727783203,0.0019346707267686725,0.04694599285721779,0.02587622031569481,0.6841479539871216,0.004141404293477535,0.004927364643663168,0.021795274689793587,0.7270129919052124,0.05768031254410744,0.6960195302963257,0.22402238845825195,0.005179933737963438,0.004790464881807566,0.006114658433943987,0.4604299068450928,0.4999609589576721,2.4867551324608006,0.7212536514593263,0.3249067677512371,0.985744113474259,0.02122528698979592,0.49942203443877553,626.198045372963,0.7812381971547274,0.9798476235591347,Potato___Late_blight
0.42704179883003235,0.31916382908821106,0.6584528088569641,0.1708630621433258,0.44095930457115173,0.2848750948905945,53.96002197265625,14.693281173706055,111.35710144042969,65.24525451660156,167.58827209472656,43.70985412597656,0.008854328654706478,0.9203884601593018,0.01224939338862896,0.009451859630644321,0.0010320995934307575,0.008962970227003098,0.011543219909071922,0.39032378792762756,0.0,0.0,0.0,0.011459610424935818,0.9188840389251709,0.007737914565950632,0.011245411820709705,0.39412492513656616,0.0,0.3481718897819519,0.8599182367324829,0.014457689598202705,0.0018159416504204273,0.013130655512213707,0.20059171319007874,0.3141579031944275,1.0276426580279407,0.9492104486200835,0.7012252400281251,0.9902364787726917,0.014409279336734694,0.6940369897959183,698.6833255290985,0.7885221562357241,0.9932958321943921,Tomato___healthy
0.4728323817253113,0.3287000358104706,0.7321498394012451,0.1392313539981842,0.5102344155311584,0.27252185344696045,53.877052307128906,16.8043270111084,109.20135498046875,72.46353149414062,186.33047485351562,35.66936492919922,0.0013554062461480498,0.8762983679771423,0.019258063286542892,0.008527764119207859,0.00691821938380599,0.008301863446831703,0.015248320065438747,0.4809432923793793,0.0,0.0,0.0,0.0,0.3328038454055786,0.7393082976341248,0.01681535318493843,0.5851342082023621,0.0,0.013077651150524616,0.9230568408966064,0.012365942820906639,0.00892601627856493,0.009904615581035614,0.18302781879901886,0.33758726716041565,0.7529587372487452,0.8957194092816142,0.5047743116084724,0.9918152850121633,0.01411033163265306,0.6375558035714286,667.8549016714096,0.7838228749443703,0.9943074896499812,Tomato___healthy
0.4270193874835968,0.28654834628105164,0.6628533005714417,0.15072005987167358,0.4312409460544586,0.26135972142219543,54.174903869628906,13.47154712677002,107.65702819824219,56.292720794677734,168.718505859375,38.595821380615234,0.0,0.06069140136241913,0.940784752368927,0.007753047626465559,0.006719307973980904,0.003101218957453966,0.012812931090593338,0.3331090211868286,0.0,0.0,0.0,0.005753781646490097,0.9457875490188599,0.011223744601011276,0.00740509107708931,0.32445651292800903,0.0,0.018040351569652557,0.9692661762237549,0.008751718327403069,0.006630903109908104,0.005771838594228029,0.1322959065437317,0.2062559723854065,0.8078757625257469,0.9524030203541844,0.733040834696213,0.9903420186733052,0.013731664540816327,0.7377232142857143,716.9259659051895,0.8032431722689075,0.9947154471544716,Tomato___healthy
